date,open,close,high,low,volume
2020-01-02,1.430,1.466,1.468,1.426,536651
2020-01-03,1.484,1.479,1.493,1.469,701463
2020-01-06,1.459,1.450,1.462,1.446,870896
2020-01-07,1.459,1.474,1.477,1.459,548524
2020-01-08,1.459,1.453,1.470,1.450,543917
2020-01-09,1.475,1.490,1.496,1.475,728650
2020-01-10,1.500,1.528,1.543,1.498,570496
2020-01-13,1.528,1.542,1.543,1.514,598227
2020-01-14,1.557,1.524,1.561,1.522,652026
2020-01-15,1.515,1.529,1.538,1.507,342528
2020-01-16,1.521,1.511,1.521,1.503,712189
2020-01-17,1.515,1.505,1.517,1.504,390061
2020-01-20,1.516,1.514,1.520,1.510,419728
2020-01-21,1.500,1.483,1.501,1.482,402967
2020-01-22,1.472,1.498,1.507,1.462,939108
2020-01-23,1.482,1.454,1.482,1.435,738168
2020-02-03,1.382,1.416,1.429,1.377,751446
2020-02-04,1.443,1.481,1.503,1.443,836959
2020-02-05,1.504,1.514,1.518,1.496,987531
2020-02-06,1.502,1.529,1.535,1.479,1154708
2020-02-07,1.518,1.517,1.521,1.505,1000161
2020-02-10,1.497,1.515,1.517,1.493,653057
2020-02-11,1.515,1.507,1.515,1.500,1250840
2020-02-12,1.507,1.520,1.523,1.501,1305451
2020-02-13,1.534,1.529,1.536,1.521,1010454
2020-02-14,1.524,1.524,1.535,1.519,750296
2020-02-17,1.520,1.546,1.555,1.520,1001112
2020-02-18,1.544,1.530,1.547,1.525,556416
2020-02-19,1.530,1.512,1.530,1.510,948383
2020-02-20,1.530,1.526,1.535,1.520,690945
2020-02-21,1.508,1.517,1.519,1.506,1037789
2020-02-24,1.488,1.480,1.489,1.478,1074665
2020-02-25,1.455,1.486,1.493,1.455,1146702
2020-02-26,1.453,1.459,1.470,1.453,1279657
2020-02-27,1.462,1.456,1.463,1.455,725916
2020-02-28,1.429,1.431,1.453,1.428,920225
2020-03-02,1.431,1.445,1.448,1.421,1421623
2020-03-03,1.469,1.446,1.469,1.443,1240489
2020-03-04,1.437,1.435,1.437,1.425,672795
2020-03-05,1.455,1.470,1.472,1.443,1111650
2020-03-06,1.453,1.448,1.459,1.445,641263
2020-03-09,1.408,1.391,1.408,1.387,1458631
2020-03-10,1.390,1.429,1.430,1.379,837012
2020-03-11,1.430,1.404,1.431,1.403,716371
2020-03-12,1.376,1.369,1.379,1.362,729548
2020-03-13,1.280,1.365,1.380,1.277,1078480
2020-03-16,1.356,1.312,1.357,1.306,680906
2020-03-17,1.324,1.306,1.344,1.290,938036
2020-03-18,1.304,1.281,1.332,1.278,620518
2020-03-19,1.292,1.299,1.307,1.260,896227
2020-03-20,1.318,1.352,1.355,1.318,826369
2020-03-23,1.308,1.321,1.356,1.294,769641
2020-03-24,1.365,1.366,1.376,1.337,976180
2020-03-25,1.410,1.408,1.429,1.405,910034
2020-03-26,1.403,1.414,1.419,1.399,488525
2020-03-27,1.437,1.414,1.440,1.410,670044
2020-03-30,1.407,1.414,1.417,1.387,482799
2020-03-31,1.431,1.430,1.433,1.424,323824
2020-04-01,1.425,1.386,1.439,1.381,646293
2020-04-02,1.380,1.413,1.416,1.380,425864
2020-04-03,1.410,1.400,1.415,1.400,240653
2020-04-07,1.427,1.434,1.437,1.426,579352
2020-04-08,1.426,1.414,1.426,1.412,320741
2020-04-09,1.416,1.410,1.422,1.408,284153
2020-04-10,1.410,1.402,1.414,1.401,551413
2020-04-13,1.403,1.388,1.404,1.386,359165
2020-04-14,1.402,1.417,1.420,1.401,355334
2020-04-15,1.421,1.421,1.429,1.420,365505
2020-04-16,1.428,1.448,1.448,1.425,442460
2020-04-17,1.481,1.480,1.498,1.476,1020382
2020-04-20,1.476,1.480,1.490,1.470,477330
2020-04-21,1.479,1.466,1.481,1.454,420038
2020-04-22,1.450,1.481,1.482,1.449,562375
2020-04-23,1.485,1.470,1.486,1.469,518032
2020-04-24,1.451,1.452,1.464,1.444,702800
2020-04-27,1.461,1.470,1.475,1.460,335180
2020-04-28,1.470,1.489,1.496,1.463,582379
2020-04-29,1.480,1.487,1.493,1.476,329000
2020-04-30,1.500,1.509,1.515,1.500,461388
2020-05-06,1.474,1.502,1.507,1.471,440301
2020-05-07,1.495,1.493,1.509,1.491,339565
2020-05-08,1.502,1.499,1.504,1.495,383409
2020-05-11,1.510,1.517,1.535,1.510,448532
2020-05-12,1.521,1.523,1.529,1.517,293152
2020-05-13,1.518,1.530,1.536,1.513,619416
2020-05-14,1.538,1.529,1.542,1.527,371279
2020-05-15,1.536,1.518,1.540,1.516,515104
2020-05-18,1.527,1.533,1.540,1.524,360199
2020-05-19,1.581,1.582,1.588,1.568,1276070
2020-05-20,1.588,1.599,1.600,1.588,340083
2020-05-21,1.596,1.580,1.597,1.579,704993
2020-05-22,1.565,1.556,1.565,1.526,955071
2020-05-25,1.545,1.541,1.545,1.510,574087
2020-05-26,1.551,1.583,1.585,1.551,496943
2020-05-27,1.578,1.563,1.586,1.556,381517
2020-05-28,1.560,1.546,1.569,1.536,536342
2020-05-29,1.546,1.549,1.564,1.541,411970
2020-06-01,1.585,1.602,1.604,1.571,522642
2020-06-02,1.607,1.596,1.610,1.593,602088
2020-06-03,1.625,1.624,1.635,1.614,597943
2020-06-04,1.645,1.653,1.655,1.642,567137
2020-06-05,1.652,1.653,1.655,1.638,449456
2020-06-08,1.667,1.652,1.671,1.646,658092
2020-06-09,1.658,1.656,1.661,1.650,550788
2020-06-10,1.657,1.685,1.686,1.653,503906
2020-06-11,1.692,1.694,1.726,1.688,728708
2020-06-12,1.637,1.672,1.683,1.637,727873
2020-06-15,1.670,1.637,1.679,1.635,482837
2020-06-16,1.679,1.705,1.706,1.679,634987
2020-06-17,1.715,1.732,1.741,1.708,785804
2020-06-18,1.733,1.767,1.771,1.733,706216
2020-06-19,1.769,1.766,1.798,1.760,950255
2020-06-22,1.765,1.762,1.773,1.756,767888
2020-06-23,1.772,1.818,1.828,1.769,1335686
2020-06-24,1.835,1.869,1.882,1.832,1341704
2020-06-29,1.829,1.831,1.859,1.812,1155658
2020-06-30,1.846,1.845,1.855,1.834,868871
2020-07-01,1.846,1.831,1.848,1.830,849389
2020-07-02,1.836,1.849,1.854,1.836,730239
2020-07-03,1.863,1.875,1.880,1.841,1138077
2020-07-06,1.880,1.901,1.914,1.880,1090992
2020-07-07,1.923,1.927,1.974,1.923,857015
2020-07-08,1.916,1.953,1.957,1.900,1307079
2020-07-09,2.006,2.014,2.036,1.993,1477302
2020-07-10,2.014,2.023,2.058,1.992,1268058
2020-07-13,2.021,2.037,2.040,2.001,1224513
2020-07-14,2.000,1.976,2.007,1.955,1460350
2020-07-15,1.987,1.936,1.995,1.916,1694251
2020-07-16,1.930,1.851,1.940,1.849,1758440
2020-07-17,1.865,1.899,1.904,1.859,1086837
2020-07-20,1.911,1.893,1.930,1.874,1284036
2020-07-21,1.950,2.009,2.014,1.948,1745582
2020-07-22,1.988,2.006,2.017,1.976,1065486
2020-07-23,1.978,1.978,1.999,1.963,1110534
2020-07-24,1.959,1.880,1.961,1.878,1243853
2020-07-27,1.901,1.877,1.905,1.860,1054972
2020-07-28,1.918,1.927,1.938,1.907,898943
2020-07-29,1.917,1.947,1.950,1.916,780979
2020-07-30,1.962,1.938,1.982,1.937,783951
2020-07-31,1.953,1.955,1.974,1.945,720187
2020-08-03,1.958,1.963,1.964,1.939,1692336
2020-08-04,1.993,2.007,2.016,1.976,2044392
2020-08-05,2.016,2.023,2.027,2.004,927380
2020-08-06,2.032,2.019,2.054,2.003,856015
2020-08-07,2.025,1.959,2.027,1.912,1729395
2020-08-10,1.915,1.922,1.931,1.890,1651818
2020-08-11,1.933,1.915,1.958,1.909,841635
2020-08-12,1.912,1.917,1.922,1.868,1005916
2020-08-13,1.954,1.931,1.959,1.927,742295
2020-08-14,1.910,1.937,1.938,1.906,592194
2020-08-17,1.931,1.932,1.944,1.906,929091
2020-08-18,1.950,1.951,1.953,1.938,670889
2020-08-19,1.959,1.955,1.976,1.954,527321
2020-08-20,1.955,1.950,1.958,1.940,426944
2020-08-21,1.972,1.993,2.001,1.970,530117
2020-08-24,2.021,2.062,2.063,2.021,733808
2020-08-25,2.080,2.086,2.115,2.061,1029623
2020-08-26,2.121,2.145,2.146,2.114,1193965
2020-08-27,2.161,2.161,2.162,2.131,910933
2020-08-28,2.128,2.141,2.143,2.116,1073812
2020-08-31,2.151,2.130,2.165,2.129,1081283
2020-09-01,2.090,2.105,2.117,2.080,876536
2020-09-02,2.158,2.158,2.161,2.122,1426085
2020-09-03,2.149,2.111,2.149,2.105,1100317
2020-09-04,2.025,2.043,2.047,2.016,1588519
2020-09-07,2.037,1.977,2.047,1.974,1424681
2020-09-08,1.999,1.982,2.007,1.941,1372765
2020-09-09,1.925,1.928,1.958,1.916,1225073
2020-09-10,1.961,1.962,1.978,1.955,1187440
2020-09-11,1.945,1.967,1.970,1.936,955093
2020-09-14,1.981,2.004,2.005,1.971,859319
2020-09-15,2.005,2.014,2.015,1.993,993252
2020-09-16,2.028,2.016,2.029,2.000,798325
2020-09-17,2.003,1.970,2.009,1.968,880708
2020-09-18,1.966,1.982,1.993,1.952,1038467
2020-09-21,1.972,1.952,1.975,1.951,633495
2020-09-22,1.952,1.948,1.973,1.945,857941
2020-09-23,1.956,1.950,1.963,1.941,829860
2020-09-24,1.940,1.921,1.945,1.916,618280
2020-09-25,1.932,1.903,1.940,1.897,596651
2020-09-28,1.920,1.929,1.935,1.912,612543
2020-09-29,1.953,1.958,1.967,1.950,590628
2020-09-30,1.961,1.967,1.983,1.956,505102
2020-10-09,2.058,2.043,2.069,2.041,977431
2020-10-12,2.068,2.094,2.095,2.060,600981
2020-10-13,2.105,2.112,2.118,2.100,584350
2020-10-14,2.131,2.126,2.136,2.117,899563
2020-10-15,2.110,2.070,2.115,2.066,831409
2020-10-16,2.082,2.078,2.096,2.074,478578
2020-10-19,2.097,2.097,2.108,2.090,360947
2020-10-20,2.089,2.092,2.095,2.076,361580
2020-10-21,2.106,2.112,2.133,2.106,394891
2020-10-22,2.098,2.100,2.104,2.079,412483
2020-10-23,2.093,2.078,2.095,2.073,383480
2020-10-26,2.089,2.080,2.089,2.044,480751
2020-10-27,2.075,2.125,2.127,2.072,664430
2020-10-28,2.146,2.199,2.205,2.146,1006877
2020-10-29,2.152,2.206,2.234,2.148,1262873
2020-10-30,2.199,2.144,2.206,2.132,1218392
2020-11-02,2.158,2.152,2.164,2.123,1276220
2020-11-03,2.164,2.174,2.180,2.156,1204936
2020-11-04,2.120,2.157,2.172,2.085,1633085
2020-11-05,2.239,2.233,2.253,2.200,1708432
2020-11-06,2.245,2.201,2.245,2.195,833153
2020-11-09,2.244,2.270,2.299,2.235,1120805
2020-11-10,2.220,2.190,2.220,2.177,1484017
2020-11-11,2.110,2.076,2.138,2.056,2731926
2020-11-12,2.108,2.093,2.109,2.091,1210511
2020-11-13,2.114,2.130,2.135,2.088,1678815
2020-11-16,2.149,2.123,2.149,2.111,1186584
2020-11-17,2.112,2.089,2.119,2.080,1043302
2020-11-18,2.084,2.080,2.098,2.079,664276
2020-11-19,2.070,2.076,2.079,2.050,781064
2020-11-20,2.081,2.095,2.102,2.071,1386976
2020-11-23,2.111,2.141,2.145,2.110,1331686
2020-11-24,2.145,2.132,2.149,2.123,1150318
2020-11-25,2.160,2.124,2.167,2.112,1620404
2020-11-26,2.120,2.137,2.141,2.112,1142209
2020-11-27,2.135,2.158,2.161,2.131,789574
2020-11-30,2.142,2.116,2.150,2.110,1009485
2020-12-01,2.092,2.108,2.111,2.080,706361
2020-12-02,2.108,2.072,2.109,2.062,1338222
2020-12-03,2.074,2.082,2.084,2.066,781134
2020-12-04,2.088,2.106,2.113,2.085,878508
2020-12-07,2.100,2.085,2.103,2.069,1077480
2020-12-08,2.086,2.091,2.098,2.075,669114
2020-12-09,2.104,2.094,2.119,2.093,857096
2020-12-10,2.076,2.076,2.084,2.072,668988
2020-12-11,2.100,2.095,2.104,2.088,730031
2020-12-14,2.080,2.056,2.086,2.054,855453
2020-12-15,2.049,2.035,2.054,2.023,1139390
2020-12-16,2.041,2.063,2.066,2.029,1243127
2020-12-17,2.080,2.090,2.096,2.075,762327
2020-12-18,2.099,2.083,2.100,2.081,661338
2020-12-21,2.075,2.070,2.089,2.068,1547493
2020-12-22,2.079,2.060,2.084,2.056,793546
2020-12-23,2.056,2.094,2.094,2.044,1341072
2020-12-24,2.063,2.014,2.063,2.002,2261208
2020-12-25,1.984,1.996,2.000,1.966,1471816
2020-12-28,1.996,1.969,2.005,1.960,1331680
2020-12-29,1.970,1.974,1.984,1.950,1524266
2020-12-30,2.005,2.053,2.053,2.002,1524391
2020-12-31,2.084,2.095,2.097,2.075,1202484
2021-01-04,2.074,2.086,2.120,2.058,1548055
2021-01-05,2.070,2.066,2.070,2.041,1525589
2021-01-06,2.112,2.126,2.129,2.108,1358603
2021-01-07,2.081,2.085,2.103,2.072,1471144
2021-01-08,2.083,2.078,2.086,2.066,1300606
2021-01-11,2.112,2.099,2.123,2.094,1442765
2021-01-12,2.080,2.095,2.097,2.077,1026517
2021-01-13,2.090,2.096,2.109,2.086,1053502
2021-01-14,2.123,2.158,2.162,2.111,1559464
2021-01-15,2.171,2.185,2.215,2.155,1505114
2021-01-18,2.173,2.242,2.243,2.164,1671610
2021-01-19,2.281,2.250,2.351,2.212,3463202
2021-01-20,2.297,2.354,2.363,2.252,3605696
2021-01-21,2.370,2.336,2.408,2.317,3425592
2021-01-22,2.338,2.358,2.367,2.330,2576857
2021-01-25,2.380,2.482,2.494,2.375,2997937
2021-01-26,2.477,2.430,2.496,2.418,2766365
2021-01-27,2.441,2.417,2.459,2.350,3014915
2021-01-28,2.344,2.317,2.382,2.315,3368940
2021-01-29,2.352,2.329,2.380,2.294,3767480
2021-02-01,2.336,2.373,2.384,2.319,2758137
2021-02-02,2.411,2.430,2.456,2.411,2545786
2021-02-03,2.430,2.427,2.455,2.399,1859640
2021-02-04,2.437,2.458,2.479,2.406,3422396
2021-02-05,2.491,2.465,2.514,2.462,2477346
2021-02-08,2.499,2.474,2.505,2.463,1911681
2021-02-09,2.470,2.459,2.473,2.446,1829617
2021-02-10,2.499,2.570,2.580,2.491,2738253
2021-02-18,2.618,2.565,2.650,2.552,2351921
2021-02-19,2.545,2.535,2.547,2.496,1800804
2021-02-22,2.570,2.493,2.577,2.482,2385041
2021-02-23,2.435,2.456,2.480,2.427,2356328
2021-02-24,2.454,2.354,2.474,2.327,3827171
2021-02-25,2.385,2.401,2.425,2.352,3170085
2021-02-26,2.280,2.272,2.310,2.271,3849170
2021-03-01,2.310,2.310,2.316,2.291,1808379
2021-03-02,2.357,2.338,2.390,2.313,2532498
2021-03-03,2.319,2.357,2.361,2.306,1391707
2021-03-04,2.309,2.257,2.314,2.253,2471932
2021-03-05,2.185,2.221,2.240,2.158,3586732
2021-03-08,2.238,2.124,2.238,2.119,3286240
2021-03-09,2.090,2.075,2.154,2.018,5319862
2021-03-10,2.171,2.155,2.199,2.153,3531638
2021-03-11,2.151,2.205,2.222,2.150,3754051
2021-03-12,2.252,2.217,2.259,2.215,2569975
2021-03-15,2.193,2.123,2.198,2.111,2897343
2021-03-16,2.148,2.152,2.174,2.144,1938226
2021-03-17,2.141,2.155,2.178,2.136,1867545
2021-03-18,2.184,2.229,2.234,2.183,2334780
2021-03-19,2.180,2.146,2.196,2.143,3065029
2021-03-22,2.154,2.165,2.189,2.153,1783270
2021-03-23,2.178,2.129,2.180,2.125,2077702
2021-03-24,2.131,2.087,2.152,2.084,2064147
2021-03-25,2.014,2.023,2.033,1.987,4373195
2021-03-26,2.015,2.044,2.061,2.007,3584237
2021-03-29,2.038,1.990,2.038,1.980,3789260
2021-03-30,2.017,2.018,2.044,1.996,3250848
2021-03-31,2.045,2.037,2.060,2.029,1950807
2021-04-01,2.062,2.106,2.110,2.061,2736941
2021-04-02,2.134,2.119,2.136,2.111,1321374
2021-04-06,2.120,2.103,2.121,2.093,1361797
2021-04-07,2.131,2.087,2.139,2.085,1876549
2021-04-08,2.055,2.079,2.084,2.045,1943946
2021-04-09,2.091,2.045,2.103,2.041,1737241
2021-04-12,2.060,2.053,2.085,2.037,2543508
2021-04-13,2.060,2.031,2.076,2.028,2621954
2021-04-14,2.054,2.063,2.070,2.047,1973401
2021-04-15,2.051,2.034,2.054,2.017,2098497
2021-04-16,2.036,2.057,2.063,2.028,2519542
2021-04-19,2.048,2.063,2.082,2.038,2895214
2021-04-20,2.042,2.035,2.048,2.032,2916473
2021-04-21,2.009,2.003,2.013,1.997,2966240
2021-04-22,2.015,2.012,2.018,1.999,2718029
2021-04-23,2.020,2.042,2.054,2.018,2581823
2021-04-26,2.061,2.064,2.090,2.060,2379393
2021-04-27,2.059,2.072,2.078,2.046,1900927
2021-04-28,2.078,2.079,2.093,2.070,2197787
2021-04-29,2.093,2.087,2.101,2.079,2352200
2021-04-30,2.060,2.034,2.062,2.028,3450230
2021-05-06,2.004,2.000,2.004,1.992,3033680
2021-05-07,2.005,1.954,2.006,1.948,4654646
2021-05-10,1.945,1.905,1.951,1.899,3919279
2021-05-11,1.863,1.882,1.886,1.822,4678938
2021-05-12,1.885,1.903,1.913,1.873,4355607
2021-05-13,1.870,1.876,1.888,1.865,2833674
2021-05-14,1.837,1.838,1.848,1.813,7751844
2021-05-17,1.853,1.861,1.867,1.841,6904272
2021-05-18,1.866,1.886,1.888,1.865,4056395
2021-05-19,1.890,1.898,1.902,1.890,3712155
2021-05-20,1.900,1.899,1.909,1.890,4053418
2021-05-21,1.925,1.907,1.929,1.898,3830292
2021-05-24,1.891,1.898,1.903,1.881,3156966
2021-05-25,1.900,1.942,1.943,1.897,3448091
2021-05-26,1.950,1.972,1.982,1.949,3598964
2021-05-27,1.967,1.962,1.971,1.951,2923306
2021-05-28,1.960,1.938,1.969,1.935,2540688
2021-05-31,1.948,1.971,1.982,1.935,3512762
2021-06-01,1.980,2.040,2.051,1.980,5731851
2021-06-02,2.046,2.030,2.066,2.015,5139667
2021-06-03,2.018,1.966,2.018,1.964,6645060
2021-06-04,1.921,1.919,1.935,1.913,8034849
2021-06-07,1.931,1.905,1.931,1.902,4381281
2021-06-08,1.901,1.884,1.905,1.880,4482542
2021-06-09,1.883,1.877,1.892,1.876,4320930
2021-06-10,1.880,1.874,1.899,1.873,5985825
2021-06-11,1.887,1.876,1.889,1.875,3631645
2021-06-15,1.894,1.875,1.895,1.864,3090963
2021-06-16,1.862,1.852,1.866,1.849,3472650
2021-06-17,1.847,1.847,1.855,1.839,3642596
2021-06-18,1.862,1.884,1.884,1.861,3219472
2021-06-21,1.871,1.860,1.872,1.852,3000071
2021-06-22,1.863,1.837,1.865,1.835,4352789
2021-06-23,1.847,1.867,1.868,1.840,2976499
2021-06-24,1.876,1.888,1.896,1.874,3187940
2021-06-25,1.908,1.937,1.938,1.902,5024513
2021-06-28,1.959,1.942,1.964,1.935,4218900
2021-06-29,1.945,1.919,1.953,1.918,3792701
2021-06-30,1.949,1.932,1.954,1.927,3287697
2021-07-01,1.922,1.921,1.929,1.915,1951629
2021-07-02,1.909,1.865,1.910,1.863,5306729
2021-07-05,1.847,1.815,1.848,1.810,6840634
2021-07-06,1.815,1.819,1.822,1.796,8733012
2021-07-07,1.790,1.780,1.799,1.779,11990008
2021-07-08,1.770,1.724,1.770,1.716,13574955
2021-07-09,1.703,1.734,1.744,1.666,16336708
2021-07-12,1.756,1.741,1.764,1.731,7879277
2021-07-13,1.747,1.796,1.808,1.736,10909616
2021-07-14,1.803,1.797,1.810,1.793,5844996
2021-07-15,1.803,1.818,1.828,1.797,6285765
2021-07-16,1.816,1.806,1.824,1.799,5564601
2021-07-19,1.785,1.766,1.786,1.752,7075317
2021-07-20,1.756,1.752,1.778,1.747,6682755
2021-07-21,1.761,1.757,1.776,1.746,5547721
2021-07-22,1.770,1.787,1.798,1.770,5531374
2021-07-23,1.789,1.760,1.789,1.758,4427623
2021-07-26,1.679,1.645,1.698,1.642,13035366
2021-07-27,1.600,1.547,1.620,1.546,14269546
2021-07-28,1.545,1.552,1.578,1.506,13141023
2021-07-29,1.615,1.641,1.651,1.606,11934246
2021-07-30,1.610,1.592,1.630,1.583,9769580
2021-08-02,1.590,1.613,1.615,1.570,8796721
2021-08-03,1.613,1.604,1.614,1.571,10600794
2021-08-04,1.583,1.606,1.634,1.573,9316371
2021-08-05,1.608,1.578,1.628,1.577,7204869
2021-08-06,1.588,1.586,1.597,1.580,4952293
2021-08-09,1.556,1.586,1.604,1.551,6789826
2021-08-10,1.607,1.629,1.639,1.606,6153251
2021-08-11,1.628,1.616,1.635,1.615,5270055
2021-08-12,1.607,1.601,1.617,1.597,5549741
2021-08-13,1.587,1.566,1.589,1.565,6543552
2021-08-16,1.553,1.543,1.564,1.540,4948971
2021-08-17,1.533,1.507,1.535,1.500,6291914
2021-08-18,1.507,1.515,1.524,1.503,6172893
2021-08-19,1.520,1.480,1.529,1.479,7291800
2021-08-20,1.460,1.462,1.469,1.435,9915815
2021-08-23,1.468,1.474,1.503,1.468,6326206
2021-08-24,1.499,1.528,1.531,1.499,7584549
2021-08-25,1.580,1.555,1.597,1.551,8291884
2021-08-26,1.550,1.526,1.564,1.525,5083368
2021-08-27,1.516,1.512,1.560,1.511,4739444
2021-08-30,1.516,1.496,1.525,1.493,5517678
2021-08-31,1.498,1.524,1.527,1.467,7014563
2021-09-01,1.531,1.516,1.537,1.493,9726096
2021-09-02,1.550,1.553,1.577,1.541,8589024
2021-09-03,1.548,1.532,1.548,1.521,6429882
2021-09-06,1.529,1.553,1.557,1.524,5499401
2021-09-07,1.560,1.579,1.595,1.553,7286365
2021-09-08,1.589,1.584,1.603,1.579,8820271
2021-09-09,1.549,1.515,1.549,1.512,12055486
2021-09-10,1.526,1.521,1.536,1.518,7106655
2021-09-13,1.500,1.480,1.500,1.478,8997964
2021-09-14,1.482,1.468,1.494,1.466,9688504
2021-09-15,1.450,1.447,1.465,1.442,8232996
2021-09-16,1.447,1.415,1.447,1.411,12204469
2021-09-17,1.412,1.438,1.445,1.411,11507899
2021-09-22,1.405,1.416,1.419,1.401,4310677
2021-09-23,1.435,1.417,1.440,1.414,8688122
2021-09-24,1.417,1.406,1.432,1.405,10208697
2021-09-27,1.409,1.393,1.423,1.390,14469109
2021-09-28,1.412,1.427,1.441,1.407,12880409
2021-09-29,1.402,1.400,1.404,1.383,16204948
2021-09-30,1.385,1.382,1.386,1.372,16418715
2021-10-08,1.452,1.444,1.455,1.433,12961671
2021-10-11,1.468,1.506,1.520,1.468,14674177
2021-10-12,1.483,1.492,1.520,1.477,13696944
2021-10-13,1.491,1.512,1.518,1.485,7055500
2021-10-14,1.529,1.528,1.540,1.518,5564027
2021-10-15,1.523,1.509,1.524,1.500,11091583
2021-10-18,1.515,1.501,1.534,1.484,10446905
2021-10-19,1.509,1.522,1.533,1.508,7699315
2021-10-20,1.560,1.569,1.592,1.560,11635309
2021-10-21,1.565,1.556,1.581,1.550,10765165
2021-10-22,1.563,1.573,1.578,1.556,8952785
2021-10-25,1.565,1.571,1.577,1.558,9852067
2021-10-26,1.568,1.539,1.568,1.535,10511996
2021-10-27,1.500,1.496,1.509,1.491,12843799
2021-10-28,1.495,1.495,1.523,1.491,8739905
2021-10-29,1.495,1.483,1.498,1.482,9626515
2021-11-01,1.462,1.458,1.469,1.454,11009920
2021-11-02,1.496,1.466,1.503,1.465,10258196
2021-11-03,1.451,1.468,1.469,1.450,10543999
2021-11-04,1.484,1.484,1.495,1.480,8453790
2021-11-05,1.470,1.463,1.475,1.460,9010700
2021-11-08,1.454,1.443,1.454,1.439,7899416
2021-11-09,1.456,1.444,1.460,1.441,7199389
2021-11-10,1.442,1.458,1.463,1.440,8305819
2021-11-11,1.459,1.490,1.491,1.458,12455182
2021-11-12,1.515,1.500,1.521,1.497,11282097
2021-11-15,1.516,1.503,1.519,1.502,7876577
2021-11-16,1.505,1.528,1.536,1.504,11996109
2021-11-17,1.531,1.523,1.533,1.518,7884306
2021-11-18,1.489,1.479,1.495,1.475,13831730
2021-11-19,1.439,1.452,1.455,1.433,18022200
2021-11-22,1.451,1.447,1.460,1.446,10089877
2021-11-23,1.432,1.434,1.438,1.430,8421719
2021-11-24,1.432,1.440,1.444,1.428,10990675
2021-11-25,1.440,1.441,1.448,1.435,7824909
2021-11-26,1.434,1.417,1.435,1.416,10584800
2021-11-29,1.400,1.399,1.416,1.397,11374845
2021-11-30,1.399,1.387,1.403,1.381,9367510
2021-12-01,1.380,1.391,1.393,1.380,7376434
2021-12-02,1.380,1.385,1.386,1.375,7777260
2021-12-03,1.377,1.372,1.377,1.371,9195840
2021-12-06,1.320,1.321,1.340,1.311,15785550
2021-12-07,1.351,1.342,1.355,1.331,12034004
2021-12-08,1.352,1.341,1.354,1.340,8192316
2021-12-09,1.345,1.348,1.352,1.340,9508487
2021-12-10,1.341,1.341,1.349,1.339,5878657
2021-12-13,1.348,1.356,1.368,1.348,10400729
2021-12-14,1.345,1.333,1.348,1.333,9752203
2021-12-15,1.337,1.324,1.340,1.322,6592883
2021-12-16,1.319,1.311,1.319,1.308,9595798
2021-12-17,1.305,1.282,1.305,1.278,11613942
2021-12-20,1.281,1.249,1.281,1.245,13190369
2021-12-21,1.235,1.250,1.251,1.232,13732262
2021-12-22,1.275,1.243,1.277,1.241,14650048
2021-12-23,1.243,1.249,1.265,1.235,12848185
2021-12-24,1.256,1.244,1.260,1.240,7761275
2021-12-27,1.250,1.255,1.259,1.248,6572067
2021-12-28,1.250,1.237,1.254,1.232,14561696
2021-12-29,1.230,1.214,1.230,1.210,15359055
2021-12-30,1.207,1.204,1.218,1.197,14251933
2021-12-31,1.248,1.264,1.265,1.243,18345718
2022-01-04,1.252,1.240,1.258,1.237,13376617
2022-01-05,1.221,1.204,1.223,1.202,15050640
2022-01-06,1.201,1.209,1.215,1.195,15651705
2022-01-07,1.234,1.239,1.241,1.226,20161200
2022-01-10,1.242,1.257,1.271,1.235,18718859
2022-01-11,1.258,1.249,1.264,1.247,18587610
2022-01-12,1.285,1.323,1.326,1.283,27921973
2022-01-13,1.335,1.308,1.337,1.301,20809042
2022-01-14,1.277,1.291,1.305,1.271,20688061
2022-01-17,1.298,1.290,1.304,1.284,12688837
2022-01-18,1.293,1.277,1.306,1.271,15969200
2022-01-19,1.275,1.255,1.284,1.251,19115511
2022-01-20,1.262,1.317,1.320,1.259,30759138
2022-01-21,1.301,1.315,1.331,1.298,24604453
2022-01-24,1.293,1.287,1.296,1.285,20253073
2022-01-25,1.270,1.251,1.279,1.250,21153294
2022-01-26,1.258,1.257,1.271,1.237,22764509
2022-01-27,1.225,1.208,1.235,1.202,27096632
2022-01-28,1.209,1.213,1.215,1.196,19678922
2022-02-07,1.269,1.249,1.269,1.246,22703855
2022-02-08,1.240,1.235,1.243,1.222,16823773
2022-02-09,1.266,1.279,1.284,1.260,25062447
2022-02-10,1.297,1.286,1.301,1.275,21059460
2022-02-11,1.278,1.275,1.292,1.270,18848132
2022-02-14,1.263,1.254,1.263,1.251,15211433
2022-02-15,1.253,1.247,1.262,1.241,19612479
2022-02-16,1.267,1.260,1.273,1.258,19388420
2022-02-17,1.260,1.261,1.273,1.252,14701578
2022-02-18,1.256,1.256,1.280,1.250,17530225
2022-02-21,1.220,1.215,1.233,1.212,29241268
2022-02-22,1.199,1.182,1.206,1.181,26688175
2022-02-23,1.186,1.202,1.203,1.185,17476763
2022-02-24,1.182,1.160,1.184,1.146,25793369
2022-02-25,1.174,1.147,1.180,1.141,24605128
2022-02-28,1.149,1.145,1.152,1.128,18815108
2022-03-01,1.147,1.170,1.171,1.146,16507274
2022-03-02,1.163,1.159,1.174,1.158,13067842
2022-03-03,1.159,1.149,1.165,1.144,14136393
2022-03-04,1.116,1.106,1.118,1.105,23628846
2022-03-07,1.081,1.086,1.090,1.060,21207194
2022-03-08,1.075,1.050,1.086,1.041,25303250
2022-03-09,1.058,1.052,1.064,1.016,25995485
2022-03-10,1.084,1.055,1.086,1.054,21052258
2022-03-11,0.991,1.020,1.029,0.970,37745290
2022-03-14,0.977,0.945,0.983,0.943,32835882
2022-03-15,0.897,0.865,0.935,0.863,48906790
2022-03-16,0.897,0.952,0.952,0.867,59231473
2022-03-17,1.047,1.022,1.047,1.010,66811098
2022-03-18,0.996,1.022,1.043,0.991,42871124
2022-03-21,1.047,1.007,1.049,1.004,30981612
2022-03-22,1.005,1.034,1.039,1.004,29548945
2022-03-23,1.065,1.082,1.109,1.063,47036163
2022-03-24,1.070,1.052,1.092,1.050,32288668
2022-03-25,1.046,0.999,1.053,0.998,43749245
2022-03-28,1.010,1.023,1.046,0.997,38164442
2022-03-29,1.038,1.052,1.059,1.036,25380128
2022-03-30,1.073,1.064,1.079,1.055,22942044
2022-03-31,1.055,1.041,1.060,1.038,15636514
2022-04-01,1.010,1.031,1.032,1.001,20010899
2022-04-06,1.050,1.060,1.064,1.048,15149006
2022-04-07,1.047,1.037,1.073,1.035,17498582
2022-04-08,1.029,1.019,1.031,1.012,15811440
2022-04-11,1.015,0.981,1.016,0.980,14543875
2022-04-12,0.998,1.014,1.015,0.982,21491474
2022-04-13,0.998,1.008,1.020,0.994,17042101
2022-04-14,1.026,1.009,1.029,1.008,14176277
2022-04-15,0.998,0.994,0.998,0.992,5051699
2022-04-18,0.981,0.983,0.989,0.981,6892785
2022-04-19,0.981,0.977,0.991,0.973,13504899
2022-04-20,0.984,0.975,0.989,0.974,13785689
2022-04-21,0.955,0.938,0.961,0.932,17834134
2022-04-22,0.912,0.933,0.947,0.908,20158484
2022-04-25,0.919,0.906,0.947,0.905,23358502
2022-04-26,0.925,0.937,0.959,0.923,24501549
2022-04-27,0.929,0.954,0.962,0.926,31702458
2022-04-28,0.971,0.967,0.974,0.959,18157929
2022-04-29,0.976,1.064,1.064,0.974,38930263
2022-05-05,1.052,1.041,1.062,1.040,21218196
2022-05-06,1.000,0.994,1.011,0.988,19584662
2022-05-09,0.972,0.972,0.979,0.970,7896269
2022-05-10,0.945,0.972,0.999,0.939,26775873
2022-05-11,0.970,0.990,1.018,0.967,31798867
2022-05-12,0.972,0.970,0.994,0.968,23390703
2022-05-13,0.994,1.004,1.009,0.990,21675735
2022-05-16,1.030,1.004,1.034,0.999,21017467
2022-05-17,1.026,1.048,1.052,1.019,27678940
2022-05-18,1.052,1.043,1.058,1.036,22001080
2022-05-19,1.007,1.013,1.018,1.002,20962086
2022-05-20,1.038,1.035,1.041,1.030,17092547
2022-05-23,1.030,1.021,1.031,1.016,13864984
2022-05-24,1.016,0.991,1.025,0.990,16956112
2022-05-25,0.990,0.998,1.002,0.987,15069100
2022-05-26,1.003,0.994,1.004,0.986,12888586
2022-05-27,1.048,1.024,1.052,1.018,19068173
2022-05-30,1.039,1.047,1.048,1.034,17236420
2022-05-31,1.046,1.071,1.083,1.043,21056813
2022-06-01,1.072,1.067,1.088,1.063,14989744
2022-06-02,1.054,1.059,1.063,1.052,10932521
2022-06-06,1.070,1.084,1.086,1.062,14989696
2022-06-07,1.097,1.108,1.125,1.096,20360205
2022-06-08,1.133,1.169,1.170,1.133,27044347
2022-06-09,1.218,1.161,1.221,1.157,29676758
2022-06-10,1.139,1.183,1.190,1.132,26371832
2022-06-13,1.158,1.138,1.174,1.130,24680246
2022-06-14,1.110,1.126,1.132,1.092,33143941
2022-06-15,1.144,1.146,1.165,1.142,25708885
2022-06-16,1.165,1.120,1.174,1.118,25730675
2022-06-17,1.110,1.140,1.147,1.109,24953465
2022-06-20,1.138,1.142,1.151,1.124,20862683
2022-06-21,1.149,1.160,1.164,1.138,19774354
2022-06-22,1.164,1.134,1.168,1.133,17387462
2022-06-23,1.142,1.164,1.166,1.132,22255297
2022-06-24,1.174,1.196,1.201,1.171,22596812
2022-06-27,1.209,1.207,1.256,1.205,39680020
2022-06-28,1.200,1.206,1.212,1.174,30408053
2022-06-29,1.187,1.179,1.205,1.176,18108957
2022-06-30,1.183,1.167,1.197,1.164,24051450
2022-07-01,1.174,1.157,1.176,1.149,10234797
2022-07-04,1.160,1.181,1.186,1.153,18984991
2022-07-05,1.195,1.184,1.208,1.176,18454285
2022-07-06,1.188,1.163,1.193,1.153,16428861
2022-07-07,1.159,1.163,1.171,1.142,17938168
2022-07-08,1.183,1.172,1.187,1.169,14965764
2022-07-11,1.161,1.123,1.163,1.121,19771009
2022-07-12,1.111,1.106,1.120,1.100,16302114
2022-07-13,1.115,1.114,1.123,1.106,15637452
2022-07-14,1.116,1.114,1.128,1.111,13512763
2022-07-15,1.102,1.081,1.109,1.079,17258343
2022-07-18,1.085,1.109,1.110,1.075,18813689
2022-07-19,1.106,1.098,1.109,1.091,12595093
2022-07-20,1.119,1.122,1.130,1.117,16737172
2022-07-21,1.114,1.111,1.121,1.103,14915271
2022-07-22,1.122,1.111,1.128,1.108,9617763
2022-07-25,1.105,1.092,1.105,1.086,12157892
2022-07-26,1.099,1.116,1.122,1.095,13245872
2022-07-27,1.106,1.096,1.108,1.094,9182066
2022-07-28,1.104,1.099,1.106,1.092,12991607
2022-07-29,1.097,1.040,1.098,1.036,25514967
2022-08-01,1.023,1.037,1.045,1.021,14389708
2022-08-02,1.021,1.009,1.022,1.001,16506061
2022-08-03,1.026,1.013,1.034,1.009,18709289
2022-08-04,1.040,1.047,1.048,1.035,14392407
2022-08-05,1.056,1.048,1.058,1.039,12420166
2022-08-08,1.034,1.029,1.042,1.028,10655512
2022-08-09,1.027,1.027,1.033,1.018,12115104
2022-08-10,1.023,1.006,1.025,1.002,12203848
2022-08-11,1.019,1.035,1.036,1.015,14048485
2022-08-12,1.039,1.037,1.043,1.032,10515835
2022-08-15,1.028,1.034,1.044,1.027,10008352
2022-08-16,1.041,1.018,1.043,1.010,12669620
2022-08-17,1.025,1.027,1.032,1.013,14696407
2022-08-18,1.032,1.019,1.034,1.018,8174622
2022-08-19,1.017,1.022,1.035,1.015,10867788
2022-08-22,1.017,1.024,1.031,1.015,8700938
2022-08-23,1.027,1.027,1.032,1.024,8880268
2022-08-24,1.033,1.015,1.034,1.015,8503678
2022-08-25,1.029,1.078,1.082,1.026,18397700
2022-08-26,1.104,1.082,1.108,1.079,19567110
2022-08-29,1.066,1.090,1.098,1.056,16196040
2022-08-30,1.094,1.077,1.095,1.069,15646669
2022-08-31,1.062,1.087,1.107,1.058,22547144
2022-09-01,1.082,1.065,1.101,1.064,18887924
2022-09-02,1.071,1.063,1.077,1.053,13606953
2022-09-05,1.054,1.048,1.057,1.039,12930640
2022-09-06,1.053,1.046,1.055,1.040,11486131
2022-09-07,1.031,1.040,1.041,1.027,11343230
2022-09-08,1.044,1.028,1.046,1.027,9212773
2022-09-09,1.027,1.047,1.050,1.025,14547675
2022-09-13,1.054,1.047,1.057,1.046,8279274
2022-09-14,1.025,1.026,1.034,1.023,10774192
2022-09-15,1.029,1.026,1.033,1.024,8710486
2022-09-16,1.020,1.017,1.028,1.017,10015952
2022-09-19,1.012,0.995,1.015,0.995,13641868
2022-09-20,1.005,1.016,1.022,1.003,11456064
2022-09-21,1.008,0.999,1.010,0.997,9962713
2022-09-22,0.980,0.980,0.991,0.976,12160904
2022-09-23,0.980,0.969,0.984,0.968,10997627
2022-09-26,0.960,0.977,0.996,0.959,18571894
2022-09-27,0.983,0.990,0.992,0.971,16207087
2022-09-28,0.981,0.970,0.985,0.970,12027680
2022-09-29,0.987,0.963,0.991,0.959,14625604
2022-09-30,0.961,0.948,0.975,0.943,16307746
2022-10-10,0.951,0.940,0.960,0.940,14575037
2022-10-11,0.942,0.924,0.944,0.920,15431397
2022-10-12,0.918,0.944,0.952,0.905,21289873
2022-10-13,0.930,0.922,0.941,0.921,14971553
2022-10-14,0.936,0.942,0.958,0.931,20571321
2022-10-17,0.930,0.938,0.941,0.925,12934956
2022-10-18,0.958,0.953,0.966,0.946,17583566
2022-10-19,0.950,0.927,0.954,0.926,12872106
2022-10-20,0.906,0.917,0.934,0.904,20144452
2022-10-21,0.923,0.912,0.929,0.911,13660421
2022-10-24,0.900,0.863,0.913,0.860,25591918
2022-10-25,0.860,0.855,0.896,0.833,39471367
2022-10-26,0.855,0.854,0.882,0.853,24408285
2022-10-27,0.880,0.857,0.885,0.855,17410457
2022-10-28,0.850,0.816,0.859,0.815,21265164
2022-10-31,0.816,0.824,0.848,0.812,25659394
2022-11-01,0.835,0.871,0.887,0.832,31448124
2022-11-02,0.858,0.879,0.884,0.856,24067181
2022-11-03,0.864,0.864,0.881,0.860,13344064
2022-11-04,0.872,0.921,0.944,0.871,40055397
2022-11-07,0.914,0.927,0.949,0.910,27352294
2022-11-08,0.928,0.912,0.931,0.909,14325698
2022-11-09,0.915,0.896,0.922,0.895,11203121
2022-11-10,0.883,0.883,0.893,0.882,12320576
2022-11-11,0.942,0.924,0.947,0.919,27026231
2022-11-14,0.948,0.923,0.949,0.912,21377288
2022-11-15,0.924,0.976,0.982,0.921,32792738
2022-11-16,0.983,0.973,0.999,0.969,20736548
2022-11-17,0.973,0.979,0.980,0.951,15248775
2022-11-18,1.000,0.981,1.017,0.978,21123061
2022-11-21,0.965,0.963,0.970,0.952,12741038
2022-11-22,0.963,0.936,0.966,0.933,14387116
2022-11-23,0.940,0.956,0.959,0.936,15722872
2022-11-24,0.963,0.947,0.971,0.947,9983939
2022-11-25,0.951,0.940,0.951,0.935,8740721
2022-11-28,0.915,0.925,0.933,0.911,12882261
2022-11-29,0.943,0.974,0.978,0.941,18460025
2022-11-30,0.978,0.985,0.992,0.976,13402374
2022-12-01,1.030,1.014,1.042,1.012,19573269
2022-12-02,1.014,1.012,1.029,1.009,11214676
2022-12-05,1.049,1.068,1.074,1.036,19395737
2022-12-06,1.047,1.047,1.074,1.045,14147077
2022-12-07,1.053,1.036,1.074,1.033,19096051
2022-12-08,1.033,1.056,1.059,1.028,16290703
2022-12-09,1.068,1.080,1.086,1.055,19327072
2022-12-12,1.067,1.048,1.077,1.048,14225177
2022-12-13,1.044,1.053,1.067,1.042,13469958
2022-12-14,1.060,1.060,1.068,1.049,11320621
2022-12-15,1.056,1.033,1.058,1.033,10878536
2022-12-16,1.029,1.041,1.053,1.021,14241753
2022-12-19,1.048,1.043,1.075,1.038,15062317
2022-12-20,1.036,1.012,1.036,1.007,11360869
2022-12-21,1.019,1.010,1.024,1.010,6921722
2022-12-22,1.036,1.058,1.060,1.031,13081962
2022-12-23,1.041,1.050,1.061,1.041,7959934
2022-12-26,1.042,1.031,1.044,1.031,4032699
2022-12-27,1.044,1.050,1.050,1.037,3550799
2022-12-28,1.052,1.052,1.069,1.051,10026910
2022-12-29,1.036,1.040,1.047,1.032,8021307
2022-12-30,1.058,1.041,1.065,1.040,9306606
2023-01-03,1.031,1.052,1.057,1.017,13880185
2023-01-04,1.068,1.103,1.104,1.062,18991997
2023-01-05,1.146,1.128,1.163,1.125,21051445
2023-01-06,1.140,1.125,1.148,1.119,15047425
2023-01-09,1.146,1.157,1.160,1.135,15605869
2023-01-10,1.151,1.147,1.151,1.131,11569586
2023-01-11,1.159,1.158,1.180,1.153,15036628
2023-01-12,1.161,1.126,1.166,1.123,16762166
2023-01-13,1.138,1.146,1.146,1.124,13688205
2023-01-16,1.158,1.136,1.163,1.131,14998314
2023-01-17,1.143,1.142,1.159,1.137,11430833
2023-01-18,1.138,1.148,1.154,1.133,9898644
2023-01-19,1.130,1.140,1.147,1.126,11010717
2023-01-20,1.156,1.176,1.183,1.154,13566896
2023-01-30,1.202,1.161,1.206,1.154,22481841
2023-01-31,1.159,1.127,1.171,1.125,17765496
2023-02-01,1.143,1.163,1.168,1.132,19037692
2023-02-02,1.178,1.170,1.182,1.165,13117416
2023-02-03,1.156,1.147,1.157,1.132,17789704
2023-02-06,1.125,1.110,1.126,1.106,20941063
2023-02-07,1.119,1.128,1.141,1.116,15831272
2023-02-08,1.130,1.114,1.132,1.106,15078110
2023-02-09,1.107,1.144,1.145,1.106,15684566
2023-02-10,1.136,1.110,1.142,1.108,16282432
2023-02-13,1.097,1.111,1.120,1.087,17635522
2023-02-14,1.119,1.107,1.120,1.106,8751702
2023-02-15,1.109,1.096,1.111,1.086,15877316
2023-02-16,1.106,1.115,1.137,1.103,25083779
2023-02-17,1.116,1.096,1.126,1.095,14197758
2023-02-20,1.092,1.104,1.106,1.081,17505657
2023-02-21,1.096,1.069,1.098,1.062,23107170
2023-02-22,1.057,1.053,1.067,1.046,19433940
2023-02-23,1.053,1.059,1.071,1.049,20598730
2023-02-24,1.055,1.041,1.055,1.040,13586652
2023-02-27,1.031,1.034,1.054,1.028,20911219
2023-02-28,1.045,1.034,1.052,1.026,18588242
2023-03-01,1.036,1.079,1.080,1.033,28012416
2023-03-02,1.065,1.061,1.072,1.058,15689083
2023-03-03,1.079,1.079,1.085,1.067,15939580
2023-03-06,1.073,1.076,1.083,1.066,13068752
2023-03-07,1.075,1.061,1.096,1.057,20913053
2023-03-08,1.050,1.044,1.054,1.040,12863713
2023-03-09,1.047,1.040,1.050,1.038,10976829
2023-03-10,1.018,0.997,1.020,0.995,21753392
2023-03-13,1.000,1.014,1.027,1.000,20518783
2023-03-14,1.009,1.002,1.018,0.995,15145880
2023-03-15,1.020,1.009,1.030,1.009,13996222
2023-03-16,1.000,1.000,1.018,0.998,14851138
2023-03-17,1.019,1.019,1.028,1.014,13739528
2023-03-20,1.017,1.004,1.021,1.002,9962340
2023-03-21,1.009,1.014,1.014,1.003,10212852
2023-03-22,1.024,1.026,1.036,1.024,10770390
2023-03-23,1.021,1.055,1.056,1.021,17371040
2023-03-24,1.059,1.059,1.081,1.056,15151335
2023-03-27,1.060,1.052,1.062,1.040,15252862
2023-03-28,1.050,1.054,1.062,1.044,12960659
2023-03-29,1.100,1.087,1.105,1.085,20329300
2023-03-30,1.096,1.093,1.100,1.082,10310955
2023-03-31,1.110,1.112,1.120,1.106,12598494
2023-04-03,1.112,1.104,1.113,1.101,10940981
2023-04-04,1.095,1.087,1.096,1.077,11804586
2023-04-06,1.073,1.084,1.088,1.070,12938582
2023-04-07,1.095,1.105,1.105,1.092,5574321
2023-04-10,1.104,1.099,1.108,1.098,3547466
2023-04-11,1.100,1.085,1.109,1.083,9943965
2023-04-12,1.085,1.066,1.085,1.065,10963137
2023-04-13,1.049,1.051,1.057,1.037,14677598
2023-04-14,1.062,1.056,1.068,1.051,8812452
2023-04-17,1.050,1.073,1.076,1.048,14022938
2023-04-18,1.073,1.065,1.074,1.064,7113504
2023-04-19,1.066,1.057,1.067,1.056,6532592
2023-04-20,1.055,1.056,1.065,1.053,6752719
2023-04-21,1.048,1.030,1.051,1.029,9104468
2023-04-24,1.032,1.015,1.039,1.013,10003241
2023-04-25,1.015,1.002,1.016,0.991,13163940
2023-04-26,0.999,1.014,1.025,0.996,14283802
2023-04-27,1.008,1.006,1.012,1.002,9223712
2023-04-28,1.014,1.015,1.026,1.008,8409582
2023-05-04,1.004,1.004,1.011,1.000,9475330
2023-05-05,1.010,1.015,1.021,1.008,9667219
2023-05-08,1.015,1.012,1.022,1.007,7759359
2023-05-09,1.010,0.997,1.011,0.997,7579352
2023-05-10,0.996,0.999,1.000,0.990,8726283
2023-05-11,1.003,0.994,1.009,0.993,6804038
2023-05-12,1.010,1.009,1.017,1.006,8836606
2023-05-15,1.004,1.028,1.033,1.002,13652453
2023-05-16,1.039,1.028,1.041,1.026,5952418
2023-05-17,1.031,1.030,1.041,1.026,6403674
2023-05-18,1.028,1.027,1.035,1.023,7317688
2023-05-19,1.011,1.009,1.014,1.005,8062893
2023-05-22,1.010,1.026,1.030,1.006,13197837
2023-05-23,1.025,1.012,1.032,1.011,5201841
2023-05-24,1.008,1.003,1.011,1.002,7361540
2023-05-25,1.003,0.991,1.003,0.983,9232746
2023-05-26,0.986,0.991,0.992,0.983,3722192
2023-05-29,1.005,0.987,1.007,0.984,8239793
2023-05-30,0.985,0.995,0.996,0.981,8526220
2023-05-31,0.984,0.970,0.986,0.967,9909616
2023-06-01,0.975,0.980,0.996,0.974,14959005
2023-06-02,0.999,1.012,1.015,0.999,12041834
2023-06-05,1.012,1.017,1.021,1.007,10063988
2023-06-06,1.019,1.007,1.027,1.006,9284155
2023-06-07,1.029,1.019,1.031,1.015,9568391
2023-06-08,1.015,1.016,1.020,1.006,7026812
2023-06-09,1.024,1.026,1.027,1.015,7522174
2023-06-12,1.028,1.027,1.029,1.019,5469412
2023-06-13,1.023,1.045,1.048,1.023,8729552
2023-06-14,1.048,1.036,1.058,1.035,8702127
2023-06-15,1.055,1.059,1.061,1.051,10175625
2023-06-16,1.068,1.076,1.086,1.067,10859312
2023-06-19,1.070,1.054,1.071,1.050,8084578
2023-06-20,1.058,1.046,1.067,1.043,7568820
2023-06-21,1.028,1.019,1.030,1.019,10196043
2023-06-26,1.008,1.006,1.018,1.005,8096900
2023-06-27,1.008,1.020,1.023,1.008,7312688
2023-06-28,1.020,1.016,1.022,1.008,7448326
2023-06-29,1.013,1.003,1.014,1.002,6463267
2023-06-30,1.000,0.999,1.003,0.997,9316488
2023-07-03,1.003,1.020,1.020,1.003,9290487
2023-07-04,1.018,1.023,1.030,1.013,7754197
2023-07-05,1.023,1.012,1.027,1.011,4683820
2023-07-06,1.009,1.001,1.019,0.997,9455241
2023-07-07,0.997,1.005,1.015,0.991,11908481
2023-07-10,1.027,1.013,1.028,1.010,8710833
2023-07-11,1.025,1.022,1.026,1.018,7371774
2023-07-12,1.028,1.028,1.038,1.024,9079549
2023-07-13,1.051,1.057,1.059,1.048,13151594
2023-07-14,1.066,1.055,1.070,1.051,9590594
2023-07-17,1.050,1.038,1.050,1.035,4225439
2023-07-18,1.042,1.029,1.049,1.028,6633980
2023-07-19,1.014,1.031,1.032,1.010,10057615
2023-07-20,1.032,1.023,1.046,1.022,9688051
2023-07-21,1.021,1.029,1.039,1.020,11290329
2023-07-24,1.014,1.015,1.029,1.012,7265565
2023-07-25,1.050,1.059,1.060,1.045,13151890
2023-07-26,1.054,1.059,1.061,1.051,5967024
2023-07-27,1.071,1.069,1.075,1.063,8742454
2023-07-28,1.061,1.093,1.098,1.061,14148653
2023-07-31,1.120,1.118,1.134,1.109,18932190
2023-08-01,1.125,1.108,1.139,1.105,15295597
2023-08-02,1.109,1.089,1.116,1.088,14111161
2023-08-03,1.077,1.095,1.098,1.076,13570815
2023-08-04,1.114,1.100,1.118,1.094,11615004
2023-08-07,1.094,1.100,1.107,1.088,6325380
2023-08-08,1.085,1.082,1.091,1.080,7916009
2023-08-09,1.075,1.082,1.089,1.074,6762989
2023-08-10,1.079,1.088,1.089,1.077,6634845
2023-08-11,1.100,1.079,1.100,1.078,7830717
2023-08-14,1.061,1.065,1.068,1.055,9049708
2023-08-15,1.063,1.066,1.072,1.060,8141925
2023-08-16,1.055,1.049,1.061,1.049,7626470
2023-08-17,1.033,1.064,1.066,1.033,15143331
2023-08-18,1.052,1.035,1.057,1.034,9697501
2023-08-21,1.033,1.013,1.033,1.012,9614318
2023-08-22,1.022,1.028,1.034,1.008,11731153
2023-08-23,1.026,1.024,1.038,1.020,9215132
2023-08-24,1.034,1.052,1.057,1.033,10267485
2023-08-25,1.040,1.036,1.043,1.034,7965144
2023-08-28,1.080,1.049,1.086,1.047,13508065
2023-08-29,1.055,1.064,1.070,1.050,9658589
2023-08-30,1.077,1.064,1.080,1.063,8332646
2023-08-31,1.070,1.057,1.074,1.056,7224322
2023-09-01,1.064,1.067,1.069,1.060,3447402
2023-09-04,1.081,1.087,1.089,1.075,7879909
2023-09-05,1.083,1.073,1.086,1.071,5757647
2023-09-06,1.069,1.066,1.070,1.058,6226250
2023-09-07,1.068,1.050,1.068,1.049,6499928
2023-09-08,1.039,1.035,1.042,1.032,4259182
2023-09-11,1.033,1.040,1.047,1.032,7319594
2023-09-12,1.037,1.039,1.044,1.031,5557075
2023-09-13,1.041,1.033,1.044,1.031,5044818
2023-09-14,1.034,1.035,1.039,1.027,5527952
2023-09-15,1.037,1.034,1.043,1.029,7796394
2023-09-18,1.027,1.024,1.033,1.022,5320168
2023-09-19,1.025,1.019,1.026,1.015,5753729
2023-09-20,1.017,1.011,1.019,1.010,4951861
2023-09-21,1.006,0.995,1.006,0.995,7429954
2023-09-22,0.992,1.019,1.020,0.992,10701151
2023-09-25,1.017,1.007,1.019,1.006,4380363
2023-09-26,1.008,1.003,1.010,1.002,5790661
2023-09-27,1.002,1.006,1.013,1.002,5518179
2023-09-28,1.007,0.999,1.009,0.998,5741361
2023-10-09,1.008,1.012,1.016,1.002,5761897
2023-10-10,1.020,1.020,1.033,1.017,8379069
2023-10-11,1.032,1.032,1.039,1.030,6120063
2023-10-12,1.042,1.041,1.045,1.040,5148848
2023-10-13,1.021,1.012,1.025,1.008,6676526
2023-10-16,1.010,1.002,1.011,0.999,5409240
2023-10-17,1.009,1.005,1.010,1.003,4642651
2023-10-18,1.001,1.000,1.003,0.995,4943483
2023-10-19,0.992,0.986,0.995,0.985,5526709
2023-10-20,0.980,0.977,0.984,0.976,5168799
2023-10-23,0.971,0.969,0.974,0.962,3149433
2023-10-24,0.974,0.969,0.980,0.962,8671471
2023-10-25,0.990,0.978,0.998,0.976,9049039
2023-10-26,0.974,0.977,0.983,0.967,6498231
2023-10-27,0.979,0.994,0.999,0.978,8851560
2023-10-30,0.986,0.995,0.999,0.985,7946747
2023-10-31,0.990,0.981,0.991,0.977,7493090
2023-11-01,0.985,0.976,0.985,0.970,6328746
2023-11-02,0.986,0.980,0.995,0.978,7013245
2023-11-03,0.988,1.003,1.004,0.985,8301051
2023-11-06,1.018,1.020,1.025,1.016,8375406
2023-11-07,1.014,1.010,1.020,1.008,5033417
2023-11-08,1.010,1.007,1.018,1.005,5603199
2023-11-09,1.007,1.005,1.012,1.002,4805657
2023-11-10,0.999,0.992,0.999,0.990,4507572
2023-11-13,0.997,0.998,1.003,0.988,5288698
2023-11-14,1.003,0.998,1.006,0.995,5247836
2023-11-15,1.018,1.019,1.021,1.010,9686389
2023-11-16,1.029,1.016,1.029,1.011,8221871
2023-11-17,0.995,0.993,1.000,0.988,9213384
2023-11-20,0.997,1.003,1.006,0.994,6288072
2023-11-21,1.012,1.002,1.018,1.000,6413124
2023-11-22,1.000,0.998,1.008,0.996,4868073
2023-11-23,1.002,1.005,1.006,0.997,5109259
2023-11-24,1.004,0.996,1.004,0.996,3312316
2023-11-27,0.999,0.998,0.999,0.989,4162563
2023-11-28,0.995,0.989,0.996,0.985,4239500
2023-11-29,0.993,0.977,0.994,0.974,5616283
2023-11-30,0.979,0.988,0.988,0.977,5254810
2023-12-01,0.989,0.983,0.990,0.979,5625715
2023-12-04,0.985,0.967,0.986,0.966,6589880
2023-12-05,0.967,0.947,0.968,0.946,6466485
2023-12-06,0.948,0.960,0.970,0.947,6453834
2023-12-07,0.957,0.950,0.957,0.943,4703566
2023-12-08,0.951,0.953,0.960,0.945,6743594
2023-12-11,0.945,0.947,0.950,0.934,7103690
2023-12-12,0.949,0.961,0.962,0.948,6235025
2023-12-13,0.957,0.949,0.962,0.948,3570800
2023-12-14,0.960,0.948,0.965,0.947,4381241
2023-12-15,0.957,0.962,0.975,0.955,10286669
2023-12-18,0.958,0.960,0.967,0.956,4561972
2023-12-19,0.957,0.958,0.962,0.950,4736238
2023-12-20,0.968,0.963,0.972,0.961,5022516
2023-12-21,0.952,0.966,0.968,0.952,4327234
2023-12-22,0.972,0.908,0.975,0.901,21551819
2023-12-25,0.917,0.923,0.924,0.913,5087371
2023-12-26,0.922,0.921,0.924,0.918,1927324
2023-12-27,0.934,0.929,0.936,0.925,7743840
2023-12-28,0.926,0.949,0.954,0.926,9814472
2023-12-29,0.945,0.939,0.950,0.937,6090505
2024-01-02,0.948,0.935,0.957,0.934,5521957
2024-01-03,0.929,0.931,0.933,0.926,4508123
2024-01-04,0.938,0.938,0.941,0.932,4525409
2024-01-05,0.933,0.924,0.939,0.920,5217183
2024-01-08,0.921,0.904,0.922,0.902,5751586
2024-01-09,0.909,0.901,0.915,0.900,5859252
2024-01-10,0.899,0.893,0.909,0.892,6285676
2024-01-11,0.894,0.915,0.919,0.894,7895923
2024-01-12,0.910,0.911,0.922,0.907,5133294
2024-01-15,0.907,0.902,0.912,0.898,5937491
2024-01-16,0.896,0.889,0.904,0.882,6623345
2024-01-17,0.882,0.852,0.884,0.851,10943135
2024-01-18,0.855,0.866,0.869,0.853,10838686
2024-01-19,0.861,0.844,0.871,0.843,8945429
2024-01-22,0.850,0.827,0.855,0.821,9444761
2024-01-23,0.834,0.854,0.867,0.832,14857092
2024-01-24,0.874,0.875,0.880,0.858,13305400
2024-01-25,0.880,0.899,0.902,0.877,10715850
2024-01-26,0.895,0.881,0.898,0.875,9204603
2024-01-29,0.886,0.881,0.897,0.880,7482144
2024-01-30,0.867,0.851,0.870,0.850,9326075
2024-01-31,0.847,0.831,0.854,0.830,10832274
2024-02-01,0.837,0.846,0.862,0.833,13223267
2024-02-02,0.860,0.849,0.873,0.839,12775624
2024-02-05,0.839,0.849,0.861,0.835,13018088
2024-02-06,0.851,0.890,0.893,0.850,17830276
2024-02-07,0.897,0.880,0.904,0.876,14879433
2024-02-08,0.876,0.869,0.882,0.867,13471435
2024-02-19,0.890,0.889,0.895,0.883,7927392
2024-02-20,0.895,0.886,0.896,0.878,6016233
2024-02-21,0.880,0.912,0.925,0.877,16508926
2024-02-22,0.911,0.913,0.916,0.899,9350077
2024-02-23,0.912,0.920,0.929,0.911,9042259
2024-02-26,0.913,0.906,0.918,0.905,7327193
2024-02-27,0.906,0.906,0.909,0.891,10791992
2024-02-28,0.918,0.894,0.919,0.894,11744004
2024-02-29,0.889,0.899,0.903,0.888,10857927
2024-03-01,0.892,0.900,0.903,0.887,12389443
2024-03-04,0.903,0.897,0.907,0.894,10199148
2024-03-05,0.881,0.872,0.885,0.869,13177316
2024-03-06,0.870,0.885,0.895,0.869,12917951
2024-03-07,0.887,0.869,0.890,0.869,9405835
2024-03-08,0.875,0.882,0.887,0.874,10091616
2024-03-11,0.882,0.892,0.893,0.880,8825834
2024-03-12,0.899,0.927,0.928,0.895,20354130
2024-03-13,0.929,0.930,0.939,0.927,10507065
2024-03-14,0.935,0.924,0.946,0.922,11234321
2024-03-15,0.913,0.913,0.920,0.903,8773066
2024-03-18,0.913,0.928,0.928,0.911,10641882
2024-03-19,0.923,0.917,0.927,0.916,7292563
2024-03-20,0.917,0.923,0.925,0.910,10262722
2024-03-21,0.940,0.939,0.946,0.933,12751324
2024-03-22,0.925,0.913,0.927,0.905,12156609
2024-03-25,0.915,0.911,0.922,0.910,7170126
2024-03-26,0.915,0.929,0.930,0.909,9758008
2024-03-27,0.918,0.916,0.925,0.910,7266437
2024-03-28,0.918,0.930,0.941,0.915,11471650
2024-03-29,0.930,0.932,0.937,0.928,3486889
2024-04-01,0.936,0.945,0.945,0.935,4218557
2024-04-02,0.949,0.943,0.951,0.940,7410527
2024-04-03,0.945,0.934,0.947,0.932,5641413
2024-04-08,0.929,0.933,0.942,0.924,6424034
2024-04-09,0.935,0.936,0.945,0.932,5571806
2024-04-10,0.945,0.963,0.968,0.942,14595862
2024-04-11,0.950,0.964,0.966,0.948,9758005
2024-04-12,0.958,0.946,0.965,0.945,8570079
2024-04-15,0.933,0.932,0.935,0.924,8921636
2024-04-16,0.924,0.910,0.927,0.907,8986290
2024-04-17,0.912,0.909,0.918,0.903,10190988
2024-04-18,0.906,0.915,0.921,0.903,8493108
2024-04-19,0.908,0.903,0.909,0.894,10790849
2024-04-22,0.915,0.932,0.935,0.912,11465446
2024-04-23,0.950,0.965,0.966,0.946,13031205
2024-04-24,0.977,0.999,1.000,0.975,13821595
2024-04-25,0.993,0.992,1.008,0.984,11668276
2024-04-26,0.997,1.027,1.032,0.997,14301183
2024-04-29,1.027,1.019,1.042,1.018,13669818
2024-04-30,1.022,1.010,1.025,1.009,9614821
2024-05-06,1.055,1.084,1.086,1.052,16076108
2024-05-07,1.076,1.063,1.080,1.059,9856815
2024-05-08,1.063,1.052,1.077,1.049,11894556
2024-05-09,1.056,1.069,1.073,1.054,11319632
2024-05-10,1.078,1.076,1.083,1.062,14373034
2024-05-13,1.067,1.099,1.102,1.066,14816209
2024-05-14,1.115,1.114,1.124,1.110,13089095
2024-05-15,1.110,1.116,1.120,1.108,9415198
2024-05-16,1.128,1.123,1.130,1.114,14593956
2024-05-17,1.141,1.148,1.159,1.141,15654373
2024-05-20,1.154,1.149,1.160,1.148,9631853
2024-05-21,1.145,1.118,1.146,1.116,12013828
2024-05-22,1.118,1.119,1.129,1.109,10087533
2024-05-23,1.111,1.096,1.112,1.091,15097743
2024-05-24,1.092,1.078,1.104,1.075,13831176
2024-05-27,1.085,1.095,1.099,1.067,12491318
2024-05-28,1.098,1.097,1.113,1.090,10249492
2024-05-29,1.085,1.062,1.088,1.058,13704463
2024-05-30,1.059,1.052,1.073,1.049,12363286
2024-05-31,1.066,1.048,1.076,1.046,10122340
2024-06-03,1.053,1.067,1.071,1.053,12453396
2024-06-04,1.061,1.072,1.072,1.057,9447533
2024-06-05,1.068,1.069,1.086,1.066,11091713
2024-06-06,1.081,1.068,1.087,1.064,10875020
2024-06-07,1.079,1.060,1.080,1.055,10690929
2024-06-11,1.053,1.066,1.071,1.050,11881884
2024-06-12,1.062,1.056,1.068,1.054,10100222
2024-06-13,1.067,1.062,1.069,1.057,9707118
2024-06-14,1.064,1.065,1.069,1.060,9515501
2024-06-17,1.057,1.063,1.071,1.046,10400063
2024-06-18,1.061,1.052,1.068,1.050,10258395
2024-06-19,1.059,1.081,1.084,1.054,12139050
2024-06-20,1.085,1.075,1.089,1.071,7510417
2024-06-21,1.066,1.054,1.067,1.045,10350524
2024-06-24,1.046,1.036,1.047,1.034,7100438
2024-06-25,1.048,1.044,1.059,1.041,10858187
2024-06-26,1.041,1.056,1.059,1.039,8380054
2024-06-27,1.048,1.028,1.049,1.025,9907718
2024-06-28,1.018,1.019,1.033,1.016,9324397
2024-07-01,1.015,1.018,1.018,1.007,3743892
2024-07-02,1.015,1.011,1.029,1.008,8931251
2024-07-03,1.018,1.035,1.036,1.017,10732871
2024-07-04,1.050,1.048,1.059,1.043,8343007
2024-07-05,1.051,1.044,1.054,1.037,7438033
2024-07-08,1.043,1.027,1.045,1.026,6781509
2024-07-09,1.026,1.037,1.042,1.022,9372357
2024-07-10,1.049,1.045,1.059,1.041,10671753
2024-07-11,1.052,1.065,1.066,1.049,12260828
2024-07-12,1.078,1.093,1.093,1.075,11037602
2024-07-15,1.083,1.072,1.089,1.071,8161396
2024-07-16,1.060,1.056,1.062,1.050,9022114
2024-07-17,1.059,1.056,1.062,1.044,10185961
2024-07-18,1.040,1.049,1.052,1.038,9195197
2024-07-19,1.041,1.032,1.043,1.031,9044985
2024-07-22,1.036,1.055,1.058,1.036,12207996
2024-07-23,1.058,1.036,1.059,1.035,8157087
2024-07-24,1.036,1.022,1.044,1.020,9889766
2024-07-25,1.019,0.997,1.019,0.995,12568255
2024-07-26,1.003,1.001,1.009,0.993,12046554
2024-07-29,1.012,1.022,1.024,1.009,13395540
2024-07-30,1.015,1.002,1.015,0.998,10417014
2024-07-31,1.000,1.023,1.026,0.993,15924389
2024-08-01,1.017,1.019,1.025,1.013,10371327
2024-08-02,1.004,0.993,1.012,0.990,12335491
2024-08-05,0.980,0.973,1.002,0.965,21259053
2024-08-06,0.992,0.987,0.999,0.978,13356844
2024-08-07,0.993,1.010,1.013,0.993,14793313
2024-08-08,1.001,1.010,1.023,0.995,14801104
2024-08-09,1.026,1.019,1.034,1.018,13804926
2024-08-12,1.022,1.023,1.025,1.011,9283450
2024-08-13,1.029,1.033,1.039,1.026,11892351
2024-08-14,1.036,1.016,1.037,1.015,8937218
2024-08-15,1.011,1.008,1.026,1.006,16497105
2024-08-16,1.024,1.037,1.041,1.022,14388683
2024-08-19,1.049,1.045,1.059,1.043,11588481
2024-08-20,1.051,1.037,1.052,1.036,7029842
2024-08-21,1.016,1.024,1.028,1.011,9760287
2024-08-22,1.037,1.041,1.042,1.029,8767700
2024-08-23,1.033,1.042,1.044,1.032,9051655
2024-08-26,1.047,1.045,1.052,1.036,11284729
2024-08-27,1.014,1.013,1.015,1.003,15690673
2024-08-28,1.008,1.005,1.011,1.001,7534708
2024-08-29,0.994,1.011,1.011,0.992,9935510
2024-08-30,1.015,1.036,1.041,1.013,12502730
2024-09-02,1.030,1.013,1.034,1.012,6315989
2024-09-03,1.016,1.021,1.027,1.016,6221274
2024-09-04,1.014,1.014,1.022,1.011,5807899
2024-09-05,1.017,1.013,1.023,1.011,7260191
2024-09-06,1.016,1.001,1.017,1.001,7511983
2024-09-09,0.999,0.994,1.004,0.994,6184279
2024-09-10,0.998,0.998,1.002,0.991,9285902
2024-09-11,0.989,0.982,0.996,0.981,11664767
2024-09-12,0.992,0.999,1.003,0.991,15845035
2024-09-13,1.001,0.995,1.009,0.994,9593837
2024-09-18,1.005,1.001,1.007,0.996,4668337
2024-09-19,1.005,1.038,1.039,1.004,19127918
2024-09-20,1.038,1.037,1.054,1.031,20068589
2024-09-23,1.038,1.035,1.052,1.034,12351369
2024-09-24,1.060,1.084,1.085,1.050,22857687
2024-09-25,1.124,1.087,1.127,1.082,26016532
2024-09-26,1.106,1.161,1.162,1.100,36565046
2024-09-27,1.203,1.218,1.235,1.199,21339206
2024-09-30,1.281,1.306,1.317,1.248,72515523
2024-10-08,1.432,1.305,1.432,1.256,111986462
2024-10-09,1.298,1.253,1.312,1.228,83569852
2024-10-10,1.280,1.288,1.310,1.278,52030582
2024-10-11,1.289,1.246,1.290,1.237,23506876
2024-10-14,1.275,1.278,1.291,1.246,43818483
2024-10-15,1.268,1.212,1.273,1.210,38328919
2024-10-16,1.200,1.215,1.229,1.197,34418113
2024-10-17,1.226,1.207,1.246,1.207,30481212
2024-10-18,1.200,1.244,1.266,1.190,59917115
2024-10-21,1.243,1.215,1.246,1.210,37644748
2024-10-22,1.222,1.219,1.228,1.211,24138186
2024-10-23,1.226,1.244,1.257,1.220,30517379
2024-10-24,1.228,1.214,1.229,1.210,19241015
2024-10-25,1.219,1.218,1.229,1.214,22618347
2024-10-28,1.222,1.228,1.231,1.214,19849449
2024-10-29,1.243,1.238,1.256,1.235,23557679
2024-10-30,1.228,1.218,1.236,1.213,18580497
2024-10-31,1.218,1.212,1.228,1.210,19119845
2024-11-01,1.216,1.218,1.233,1.208,21543652
2024-11-04,1.226,1.224,1.231,1.216,15317950
2024-11-05,1.216,1.247,1.251,1.215,25910620
2024-11-06,1.243,1.225,1.248,1.219,32528753
2024-11-07,1.224,1.259,1.260,1.220,35696159
2024-11-08,1.285,1.247,1.291,1.245,28744486
2024-11-11,1.218,1.230,1.239,1.206,34690965
2024-11-12,1.225,1.194,1.239,1.190,38552413
2024-11-13,1.181,1.186,1.188,1.175,22599511
2024-11-14,1.178,1.166,1.202,1.165,26603527
2024-11-15,1.174,1.166,1.183,1.161,27011772
2024-11-18,1.179,1.173,1.188,1.164,23290953
2024-11-19,1.182,1.181,1.186,1.171,18668023
2024-11-20,1.178,1.185,1.191,1.176,22960213
2024-11-21,1.185,1.182,1.191,1.181,17117761
2024-11-22,1.171,1.141,1.176,1.140,24622050
2024-11-25,1.145,1.132,1.148,1.128,18361458
2024-11-26,1.130,1.140,1.150,1.130,17373887
2024-11-27,1.140,1.163,1.164,1.133,19813710
2024-11-28,1.160,1.149,1.164,1.147,15715166
2024-11-29,1.152,1.146,1.168,1.143,25275847
2024-12-02,1.146,1.156,1.165,1.145,20566176
2024-12-03,1.162,1.166,1.173,1.152,21762343
2024-12-04,1.167,1.167,1.176,1.163,14359804
2024-12-05,1.159,1.154,1.162,1.152,10195034
2024-12-06,1.161,1.177,1.181,1.155,18853924
2024-12-09,1.170,1.175,1.184,1.168,11933642
2024-12-10,1.245,1.214,1.260,1.212,42262865
2024-12-11,1.218,1.197,1.223,1.194,19803630
2024-12-12,1.202,1.228,1.231,1.197,25911466
2024-12-13,1.210,1.199,1.214,1.198,15427708
2024-12-16,1.197,1.178,1.200,1.175,11969748
2024-12-17,1.173,1.171,1.188,1.164,17387031
2024-12-18,1.186,1.183,1.190,1.180,12147580
2024-12-19,1.171,1.190,1.191,1.166,14291731
2024-12-20,1.179,1.186,1.192,1.176,13325106
2024-12-23,1.189,1.177,1.193,1.172,12872078
2024-12-24,1.183,1.190,1.193,1.179,11460910
2024-12-25,1.188,1.185,1.192,1.184,3725250
2024-12-26,1.187,1.186,1.187,1.183,2485391
2024-12-27,1.184,1.180,1.188,1.174,12209701
2024-12-30,1.180,1.178,1.185,1.171,9924205
2024-12-31,1.171,1.166,1.182,1.165,12329708
2025-01-02,1.169,1.162,1.178,1.155,15369820
2025-01-03,1.170,1.166,1.183,1.158,14997157
2025-01-06,1.174,1.165,1.175,1.163,9977889
2025-01-07,1.145,1.124,1.153,1.119,25308852
2025-01-08,1.125,1.118,1.136,1.108,16685469
2025-01-09,1.116,1.122,1.132,1.114,11361809
2025-01-10,1.125,1.106,1.130,1.105,10643458
2025-01-13,1.095,1.091,1.097,1.082,10210447
2025-01-14,1.096,1.124,1.130,1.095,17684865
2025-01-15,1.118,1.126,1.133,1.115,9253099
2025-01-16,1.137,1.138,1.153,1.126,13968481
2025-01-17,1.135,1.139,1.141,1.129,10578980
2025-01-20,1.160,1.180,1.189,1.160,17679724
2025-01-21,1.187,1.182,1.190,1.171,13757724
2025-01-22,1.170,1.148,1.171,1.147,11257013
2025-01-23,1.160,1.143,1.166,1.141,12781021
2025-01-24,1.150,1.174,1.178,1.150,16531841
2025-01-27,1.190,1.195,1.203,1.187,13832555
2025-02-05,1.250,1.245,1.260,1.232,23810185
2025-02-06,1.243,1.258,1.259,1.238,13707579
2025-02-07,1.261,1.286,1.294,1.256,19969071
2025-02-10,1.292,1.327,1.335,1.291,21811706
2025-02-11,1.341,1.313,1.346,1.309,18165713
2025-02-12,1.327,1.348,1.352,1.317,23146832
2025-02-13,1.361,1.382,1.424,1.358,38370403
2025-02-14,1.376,1.424,1.425,1.373,33075250
2025-02-17,1.464,1.445,1.492,1.410,49829927
2025-02-18,1.445,1.468,1.500,1.442,38931405
2025-02-19,1.458,1.468,1.475,1.447,27840585
2025-02-20,1.445,1.427,1.446,1.409,35579863
2025-02-21,1.475,1.506,1.509,1.462,33256922
2025-02-24,1.518,1.513,1.538,1.490,33125459
2025-02-25,1.438,1.445,1.469,1.428,35148762
2025-02-26,1.460,1.526,1.527,1.460,35828549
2025-02-27,1.526,1.502,1.537,1.473,38922038
2025-02-28,1.491,1.424,1.491,1.423,29520332
2025-03-03,1.443,1.434,1.473,1.426,35579993
2025-03-04,1.412,1.448,1.453,1.402,33598106
2025-03-05,1.461,1.483,1.485,1.451,30560600
2025-03-06,1.536,1.574,1.576,1.536,31636634
2025-03-07,1.565,1.566,1.611,1.552,43438319
2025-03-10,1.553,1.525,1.570,1.510,35640877
2025-03-11,1.480,1.505,1.524,1.475,39195933
2025-03-12,1.536,1.493,1.538,1.490,29013746
2025-03-13,1.503,1.476,1.505,1.462,29055655
2025-03-14,1.500,1.537,1.543,1.489,35155136
2025-03-17,1.548,1.541,1.556,1.530,24687577
2025-03-18,1.595,1.595,1.597,1.579,25059540
2025-03-19,1.588,1.590,1.600,1.576,25100625
2025-03-20,1.578,1.531,1.579,1.530,31175336
2025-03-21,1.527,1.504,1.545,1.493,35414572
2025-03-24,1.505,1.509,1.509,1.490,23043564
2025-03-25,1.498,1.472,1.510,1.470,27673552
2025-03-26,1.479,1.483,1.495,1.476,19928265
2025-03-27,1.488,1.492,1.511,1.470,25225430
2025-03-28,1.501,1.481,1.509,1.470,24315555
2025-03-31,1.462,1.449,1.470,1.437,24672899
2025-04-01,1.459,1.464,1.476,1.452,27666315
2025-04-02,1.458,1.456,1.475,1.445,20413120
2025-04-03,1.419,1.421,1.440,1.412,28702577
2025-04-07,1.298,1.279,1.350,1.279,24473489
2025-04-08,1.270,1.239,1.282,1.212,54663957
2025-04-09,1.195,1.244,1.261,1.182,56998995
2025-04-10,1.295,1.281,1.328,1.276,52667940
2025-04-11,1.260,1.272,1.294,1.245,53848802
2025-04-14,1.296,1.288,1.310,1.281,32135380
2025-04-15,1.310,1.298,1.315,1.292,25904885
2025-04-16,1.284,1.264,1.287,1.253,24911116
2025-04-17,1.262,1.282,1.292,1.261,27405019
2025-04-18,1.272,1.273,1.276,1.268,4921864
2025-04-21,1.270,1.281,1.282,1.268,6789591
2025-04-22,1.281,1.292,1.299,1.271,25588136
2025-04-23,1.334,1.342,1.348,1.326,23656642
2025-04-24,1.343,1.316,1.345,1.313,19172564
2025-04-25,1.336,1.343,1.361,1.336,23289360
2025-04-28,1.350,1.345,1.350,1.331,12966802
2025-04-29,1.344,1.334,1.354,1.332,16835076
2025-04-30,1.342,1.348,1.350,1.331,17723526
2025-05-06,1.382,1.406,1.406,1.379,21222562
2025-05-07,1.439,1.395,1.444,1.391,23912820
2025-05-08,1.385,1.395,1.412,1.382,19712030
2025-05-09,1.403,1.390,1.406,1.385,16325441
2025-05-12,1.420,1.419,1.425,1.404,19717792
2025-05-13,1.439,1.411,1.440,1.409,17302296
2025-05-14,1.426,1.450,1.451,1.425,24279075
2025-05-15,1.452,1.434,1.457,1.431,15820462
2025-05-16,1.410,1.414,1.422,1.407,15032882
2025-05-19,1.402,1.414,1.421,1.385,16921910
2025-05-20,1.419,1.429,1.433,1.411,15563507
2025-05-21,1.431,1.427,1.438,1.426,14458078
2025-05-22,1.420,1.402,1.422,1.402,15980914
2025-05-23,1.408,1.400,1.421,1.400,14257174
2025-05-26,1.402,1.382,1.403,1.379,11729344
2025-05-27,1.379,1.390,1.393,1.369,13553599
2025-05-28,1.386,1.366,1.389,1.366,12763019
2025-05-29,1.371,1.389,1.397,1.369,22901329
2025-05-30,1.374,1.354,1.374,1.350,13998841
2025-06-03,1.358,1.363,1.369,1.358,12385185
2025-06-04,1.366,1.378,1.384,1.364,11755112
2025-06-05,1.396,1.396,1.400,1.387,12963411
2025-06-06,1.400,1.388,1.401,1.384,9281164
2025-06-09,1.399,1.413,1.424,1.399,15307583
2025-06-10,1.420,1.403,1.422,1.396,11924462
2025-06-11,1.413,1.421,1.425,1.412,10545102
2025-06-12,1.407,1.399,1.411,1.397,9605366
2025-06-13,1.390,1.370,1.393,1.369,11178997
2025-06-16,1.367,1.384,1.385,1.365,8405590
2025-06-17,1.395,1.392,1.401,1.387,8468856
2025-06-18,1.388,1.374,1.390,1.369,7406094
2025-06-19,1.370,1.347,1.373,1.345,8864448
2025-06-20,1.355,1.349,1.357,1.346,6452807
2025-06-23,1.344,1.361,1.362,1.338,9574980
2025-06-24,1.371,1.384,1.387,1.370,11202903
2025-06-25,1.394,1.403,1.404,1.389,11258263
2025-06-26,1.390,1.385,1.393,1.381,10905165
2025-06-27,1.394,1.389,1.400,1.386,10994692
2025-06-30,1.389,1.383,1.390,1.377,9526977
2025-07-01,1.380,1.384,1.385,1.379,2582264
2025-07-02,1.390,1.375,1.392,1.370,9604474
2025-07-03,1.373,1.353,1.374,1.346,13922814
2025-07-04,1.345,1.347,1.359,1.336,13164720
2025-07-07,1.340,1.346,1.351,1.331,11907855
2025-07-08,1.354,1.368,1.370,1.353,13227096
2025-07-09,1.368,1.350,1.369,1.346,10941819
2025-07-10,1.346,1.348,1.350,1.341,10004363
2025-07-11,1.348,1.361,1.370,1.348,15251207
2025-07-14,1.350,1.354,1.360,1.345,9658300
2025-07-15,1.357,1.387,1.392,1.356,21408499
2025-07-16,1.409,1.408,1.432,1.404,23405948
2025-07-17,1.401,1.400,1.411,1.389,15774405
2025-07-18,1.418,1.415,1.424,1.409,13503294
2025-07-21,1.435,1.431,1.438,1.423,12142425
2025-07-22,1.433,1.433,1.439,1.422,11361480
2025-07-23,1.448,1.480,1.485,1.442,21000895
2025-07-24,1.480,1.485,1.491,1.474,14001931
2025-07-25,1.475,1.456,1.475,1.454,11629624
2025-07-28,1.466,1.471,1.478,1.462,12001614
2025-07-29,1.460,1.456,1.462,1.444,11192120
2025-07-30,1.445,1.441,1.463,1.435,15145775
2025-07-31,1.433,1.432,1.450,1.424,19285227
2025-08-01,1.440,1.435,1.447,1.431,14212112
2025-08-04,1.413,1.435,1.435,1.407,15052372
2025-08-05,1.439,1.439,1.441,1.427,13130798
2025-08-06,1.437,1.450,1.460,1.436,12283342
2025-08-07,1.457,1.450,1.459,1.440,12377475
2025-08-08,1.444,1.431,1.450,1.431,9477636
2025-08-11,1.440,1.436,1.441,1.429,10319436
2025-08-12,1.429,1.428,1.436,1.423,9761522
2025-08-13,1.451,1.486,1.489,1.450,20910039
2025-08-14,1.502,1.485,1.512,1.482,19659963
2025-08-15,1.470,1.480,1.482,1.466,14257545
2025-08-18,1.487,1.493,1.506,1.486,17993563
2025-08-19,1.487,1.488,1.497,1.479,14196151
2025-08-20,1.474,1.484,1.485,1.470,14545347
2025-08-21,1.479,1.468,1.481,1.465,11794939
2025-08-22,1.483,1.489,1.496,1.478,14812489
2025-08-25,1.520,1.552,1.557,1.520,23317424
2025-08-26,1.532,1.531,1.545,1.530,12379037
2025-08-27,1.530,1.504,1.536,1.501,17778247
2025-08-28,1.490,1.481,1.491,1.469,17414329
2025-08-29,1.485,1.484,1.490,1.473,18357227
2025-09-01,1.536,1.542,1.547,1.529,23537026
2025-09-02,1.545,1.538,1.553,1.529,16378307
2025-09-03,1.550,1.523,1.557,1.519,13688555
2025-09-04,1.536,1.506,1.539,1.504,14313894
2025-09-05,1.511,1.537,1.537,1.508,11303112
2025-09-08,1.540,1.572,1.575,1.539,20637438
2025-09-09,1.576,1.586,1.600,1.573,19378959
2025-09-10,1.608,1.612,1.635,1.605,25016823
2025-09-11,1.595,1.615,1.616,1.584,20203540
2025-09-12,1.660,1.642,1.667,1.641,22704530
2025-09-15,1.639,1.650,1.668,1.636,18585146
2025-09-16,1.661,1.670,1.674,1.650,17535373
2025-09-17,1.684,1.723,1.726,1.680,23603340
2025-09-18,1.725,1.686,1.753,1.669,41185647
2025-09-19,1.694,1.686,1.708,1.675,22671761
2025-09-22,1.679,1.675,1.691,1.670,18314505
2025-09-23,1.680,1.656,1.682,1.642,18525386
2025-09-24,1.648,1.720,1.724,1.646,31289814
2025-09-25,1.738,1.733,1.752,1.718,26484064
2025-09-26,1.711,1.701,1.725,1.701,17862602
2025-09-29,1.702,1.732,1.733,1.702,23371200
2025-09-30,1.741,1.755,1.756,1.727,22880653
2025-10-09,1.762,1.742,1.768,1.730,29464462
2025-10-10,1.719,1.687,1.722,1.680,23223695
2025-10-13,1.619,1.636,1.661,1.608,34140531
2025-10-14,1.655,1.599,1.665,1.594,31247234
2025-10-15,1.620,1.639,1.642,1.605,22303763
2025-10-16,1.633,1.617,1.642,1.607,16882505
2025-10-17,1.614,1.573,1.615,1.571,16429747
2025-10-20,1.614,1.621,1.632,1.611,19881536
2025-10-21,1.658,1.650,1.668,1.646,16683468
2025-10-22,1.628,1.620,1.631,1.609,14174375
2025-10-23,1.611,1.646,1.652,1.602,20218414
2025-10-24,1.664,1.656,1.669,1.649,15350237
2025-10-27,1.685,1.694,1.694,1.675,16170791
2025-10-28,1.696,1.668,1.697,1.667,15600946
2025-10-29,1.681,1.689,1.691,1.675,9665643
2025-10-30,1.684,1.661,1.698,1.657,21897859
2025-10-31,1.661,1.636,1.668,1.635,14010882
2025-11-03,1.638,1.638,1.643,1.619,14403080
2025-11-04,1.635,1.614,1.646,1.608,14723842
2025-11-05,1.590,1.605,1.611,1.576,19589525
2025-11-06,1.616,1.639,1.641,1.614,13287317
2025-11-07,1.625,1.610,1.630,1.606,12336639
2025-11-10,1.625,1.639,1.641,1.620,12983400
2025-11-11,1.650,1.628,1.650,1.620,10170126
2025-11-12,1.628,1.634,1.643,1.625,10375632
2025-11-13,1.621,1.652,1.662,1.611,16044121
2025-11-14,1.620,1.604,1.626,1.603,17128560
2025-11-17,1.587,1.580,1.600,1.576,14682542
2025-11-18,1.571,1.559,1.593,1.558,16522780
2025-11-19,1.566,1.550,1.571,1.544,12668779
2025-11-20,1.563,1.537,1.566,1.534,13566391
2025-11-21,1.510,1.503,1.515,1.492,23390996
2025-11-24,1.516,1.540,1.546,1.506,21713102
2025-11-25,1.563,1.543,1.574,1.539,20266348
2025-11-26,1.548,1.547,1.562,1.543,12417528
2025-11-27,1.541,1.530,1.551,1.528,14058162
2025-11-28,1.533,1.535,1.541,1.526,10908638
2025-12-01,1.535,1.545,1.554,1.532,15681386
2025-12-02,1.565,1.544,1.569,1.542,11821714
2025-12-03,1.540,1.526,1.541,1.523,11270183
2025-12-04,1.524,1.533,1.536,1.519,13713490
2025-12-05,1.525,1.546,1.547,1.521,12427948
2025-12-08,1.548,1.538,1.552,1.536,12730350
2025-12-09,1.543,1.518,1.545,1.511,11518537
2025-12-10,1.512,1.523,1.524,1.503,12156310
2025-12-11,1.533,1.512,1.536,1.510,9991806
2025-12-12,1.522,1.531,1.533,1.514,11767155
2025-12-15,1.514,1.507,1.517,1.506,9529658
2025-12-16,1.500,1.472,1.502,1.465,13369693
2025-12-17,1.473,1.486,1.491,1.469,12550888
2025-12-18,1.468,1.471,1.481,1.464,9508533
2025-12-19,1.485,1.491,1.496,1.479,12706417
2025-12-22,1.499,1.492,1.506,1.489,9303973
2025-12-23,1.498,1.486,1.499,1.482,8106625
2025-12-24,1.483,1.483,1.491,1.481,6045781
2025-12-25,1.481,1.485,1.487,1.480,2974629
2025-12-26,1.484,1.491,1.493,1.484,4942392
2025-12-29,1.492,1.471,1.502,1.470,12067987
2025-12-30,1.468,1.483,1.485,1.467,9878623
2025-12-31,1.474,1.467,1.474,1.465,6816895
2026-01-05,1.508,1.528,1.531,1.505,20178104
2026-01-06,1.534,1.543,1.551,1.533,12385176
2026-01-07,1.532,1.519,1.532,1.511,12657249
2026-01-08,1.511,1.492,1.512,1.489,12951466
2026-01-09,1.503,1.502,1.512,1.496,11560279
2026-01-12,1.505,1.539,1.544,1.500,18956144
2026-01-13,1.580,1.547,1.584,1.542,19429500
2026-01-14,1.561,1.571,1.579,1.556,21491828
2026-01-15,1.560,1.539,1.565,1.534,16793623
2026-01-16,1.550,1.525,1.553,1.523,14196124
2026-01-19,1.513,1.513,1.520,1.509,8215160
2026-01-20,1.507,1.496,1.513,1.491,14338482
2026-01-21,1.487,1.502,1.507,1.486,11594872
2026-01-22,1.514,1.505,1.518,1.499,8939592
2026-01-23,1.523,1.520,1.530,1.517,13668352
2026-01-26,1.520,1.508,1.524,1.502,10099294
2026-01-27,1.515,1.530,1.530,1.504,13349592
2026-01-28,1.535,1.553,1.556,1.527,14702790
2026-01-29,1.534,1.545,1.557,1.532,12727764
2026-01-30,1.533,1.522,1.538,1.520,10648532
2026-02-02,1.496,1.471,1.506,1.470,20238637
2026-02-03,1.488,1.463,1.494,1.422,23451692
2026-02-04,1.441,1.436,1.445,1.421,20148244
2026-02-05,1.418,1.422,1.424,1.397,26969431
2026-02-06,1.394,1.404,1.417,1.392,18666358
2026-02-09,1.431,1.431,1.434,1.419,15985997
2026-02-10,1.432,1.424,1.446,1.422,13323844
2026-02-11,1.423,1.425,1.434,1.422,10975151
2026-02-12,1.416,1.395,1.417,1.389,20974564
2026-02-13,1.371,1.378,1.380,1.366,19106551
2026-02-24,1.366,1.337,1.366,1.336,17058419
2026-02-25,1.342,1.337,1.347,1.334,13835588
2026-02-26,1.336,1.303,1.339,1.299,20856243
2026-02-27,1.297,1.312,1.322,1.296,19017970
2026-03-02,1.283,1.268,1.298,1.265,23970873
2026-03-03,1.277,1.259,1.285,1.254,28835770
2026-03-04,1.241,1.227,1.258,1.224,38559411
2026-03-05,1.245,1.222,1.248,1.215,29467823
2026-03-06,1.221,1.263,1.264,1.221,26969895
2026-03-09,1.231,1.248,1.255,1.221,26157192
2026-03-10,1.271,1.293,1.297,1.267,29142698
2026-03-11,1.311,1.290,1.315,1.286,21297120
2026-03-12,1.283,1.276,1.296,1.267,15570949
2026-03-13,1.271,1.284,1.297,1.271,17607314
2026-03-16,1.292,1.314,1.315,1.279,23648054
2026-03-17,1.320,1.305,1.329,1.303,19124205
2026-03-18,1.304,1.311,1.316,1.287,21988746
2026-03-19,1.276,1.261,1.280,1.259,23228525
2026-03-20,1.240,1.218,1.246,1.218,26845527
2026-03-23,1.196,1.175,1.203,1.172,26103762
2026-03-24,1.195,1.207,1.209,1.183,25881904
2026-03-25,1.222,1.227,1.245,1.204,41509172
2026-03-26,1.229,1.209,1.235,1.207,17432762
2026-03-27,1.198,1.211,1.219,1.195,23425277
2026-03-30,1.180,1.187,1.192,1.173,22893997
2026-03-31,1.189,1.175,1.194,1.168,23339282
2026-04-01,1.205,1.203,1.208,1.191,20970978
2026-04-02,1.187,1.171,1.188,1.170,17230284
2026-04-03,1.175,1.164,1.179,1.164,5548756
2026-04-07,1.168,1.171,1.177,1.167,5371830
2026-04-08,1.202,1.222,1.224,1.196,30625854
2026-04-09,1.207,1.210,1.215,1.203,14252974
2026-04-10,1.218,1.208,1.227,1.207,20432774
2026-04-13,1.196,1.185,1.198,1.184,12800871
2026-04-14,1.200,1.195,1.204,1.184,13827807
2026-04-15,1.217,1.216,1.231,1.212,20347770
2026-04-16,1.234,1.257,1.260,1.233,20507448
2026-04-17,1.249,1.251,1.262,1.246,13809623
2026-04-20,1.253,1.267,1.273,1.247,18104156
2026-04-21,1.270,1.260,1.273,1.253,12378155
2026-04-22,1.244,1.232,1.244,1.225,16915850
2026-04-23,1.232,1.217,1.233,1.212,15186930
2026-04-24,1.203,1.213,1.218,1.195,17602522
2026-04-27,1.212,1.201,1.216,1.198,13764785
2026-04-28,1.193,1.181,1.203,1.177,13741400
2026-04-29,1.192,1.194,1.199,1.186,14147564
2026-04-30,1.184,1.181,1.188,1.173,15033908
2026-05-06,1.197,1.201,1.214,1.189,19545920
2026-05-07,1.230,1.236,1.241,1.230,20531396
2026-05-08,1.226,1.237,1.238,1.222,11974028
2026-05-11,1.221,1.214,1.222,1.207,19911501
2026-05-12,1.211,1.203,1.224,1.202,17314653
2026-05-13,1.199,1.207,1.216,1.191,19922625
2026-05-14,1.254,1.219,1.259,1.219,32571244
2026-05-15,1.215,1.190,1.217,1.182,21741349
2026-05-18,1.183,1.179,1.193,1.172,18754884
2026-05-19,1.175,1.198,1.204,1.175,19382716
2026-05-20,1.191,1.187,1.201,1.181,14069976
2026-05-21,1.194,1.151,1.194,1.150,26146718
2026-05-22,1.161,1.154,1.162,1.147,14898103
2026-05-25,1.138,1.141,1.145,1.137,9439811
2026-05-26,1.141,1.146,1.149,1.124,19003739
2026-05-27,1.144,1.126,1.152,1.125,13292928
2026-05-28,1.117,1.097,1.117,1.084,20879701
2026-05-29,1.102,1.101,1.119,1.088,21999756
2026-06-01,1.102,1.118,1.122,1.102,17845101
2026-06-02,1.123,1.183,1.189,1.123,38117757
2026-06-03,1.180,1.154,1.180,1.151,25598371
2026-06-04,1.142,1.134,1.152,1.129,13485951
2026-06-05,1.136,1.129,1.148,1.120,14741208
2026-06-08,1.101,1.097,1.116,1.095,16256729
2026-06-09,1.097,1.108,1.117,1.092,21012079
2026-06-10,1.100,1.102,1.106,1.088,16676595
2026-06-11,1.101,1.074,1.111,1.070,20830052
2026-06-12,1.086,1.082,1.096,1.081,17972827
2026-06-15,1.100,1.086,1.105,1.082,14173032
2026-06-16,1.087,1.060,1.089,1.058,15181740
2026-06-17,1.059,1.056,1.067,1.051,13528239
2026-06-18,1.048,1.031,1.051,1.028,16825377
2026-06-22,1.028,1.029,1.029,1.013,20928430
2026-06-23,1.024,0.990,1.025,0.988,22276947
2026-06-24,0.993,1.002,1.019,0.984,29715187
2026-06-25,0.993,0.972,0.994,0.969,22982556
2026-06-26,0.960,0.941,0.962,0.938,21488196
2026-06-29,0.957,0.976,0.988,0.956,26731971
2026-06-30,0.978,0.979,0.986,0.964,18677517
2026-07-01,0.980,0.984,0.986,0.977,7600136
2026-07-02,1.005,0.999,1.024,0.997,28702818
2026-07-03,1.002,1.009,1.023,1.002,17441293
2026-07-06,1.009,1.026,1.036,0.991,25685770
2026-07-07,1.031,1.038,1.072,1.030,35114543
2026-07-08,1.043,1.092,1.107,1.041,46455591
2026-07-09,1.106,1.088,1.125,1.081,42832251
2026-07-10,1.096,1.092,1.111,1.080,27556807
2026-07-13,1.088,1.085,1.115,1.084,32848437
2026-07-14,1.084,1.085,1.092,1.061,26285231
2026-07-15,1.090,1.120,1.127,1.075,45350917
2026-07-16,1.136,1.145,1.162,1.134,36470624
2026-07-17,1.146,1.097,1.155,1.089,41396177
2026-07-20,1.116,1.137,1.140,1.115,31749090
2026-07-21,1.144,1.132,1.152,1.124,32015198
2026-07-22,1.114,1.082,1.116,1.081,31717005
2026-07-23,1.080,1.095,1.100,1.072,21088901
2026-07-24,1.075,1.063,1.080,1.061,19459865
2026-07-27,1.070,1.090,1.093,1.070,18976447
2026-07-28,1.101,1.098,1.114,1.090,23142821
2026-07-29,1.114,1.133,1.142,1.112,27739350
2026-07-30,1.134,1.139,1.149,1.120,26567610
2026-07-31,1.131,1.145,1.159,1.121,32527040
