date,nav
2017-08-04,100.02
2017-08-11,100.079
2017-08-17,100.225
2017-08-18,100.222
2017-08-24,100.077
2017-08-25,100.054
2017-08-28,100.049
2017-08-29,100.097
2017-08-30,100.148
2017-08-31,100.17
2017-09-01,100.138
2017-09-04,100.116
2017-09-05,100.045
2017-09-06,100.12
2017-09-07,100.329
2017-09-08,100.407
2017-09-11,100.353
2017-09-12,100.378
2017-09-13,100.304
2017-09-14,100.476
2017-09-15,100.482
2017-09-18,100.393
2017-09-19,100.44
2017-09-20,100.427
2017-09-21,100.354
2017-09-22,100.424
2017-09-25,100.535
2017-09-26,100.415
2017-09-27,100.347
2017-09-28,100.422
2017-09-29,100.45
2017-10-09,100.261
2017-10-10,100.267
2017-10-11,100.22
2017-10-12,100.057
2017-10-13,100.082
2017-10-16,99.886
2017-10-17,99.625
2017-10-18,99.667
2017-10-19,99.823
2017-10-20,99.791
2017-10-23,99.767
2017-10-24,99.783
2017-10-25,99.379
2017-10-26,99.344
2017-10-27,99.014
2017-10-30,98.386
2017-10-31,98.534
2017-11-01,98.751
2017-11-02,98.686
2017-11-03,98.614
2017-11-06,98.671
2017-11-07,98.546
2017-11-08,98.592
2017-11-09,98.511
2017-11-10,98.409
2017-11-13,97.995
2017-11-14,97.922
2017-11-15,97.998
2017-11-16,98.183
2017-11-17,98.213
2017-11-20,98.092
2017-11-21,98.048
2017-11-22,97.966
2017-11-23,97.986
2017-11-24,98.1
2017-11-27,98.109
2017-11-28,98.09
2017-11-29,98.222
2017-11-30,98.259
2017-12-01,98.272
2017-12-04,98.282
2017-12-05,98.312
2017-12-06,98.311
2017-12-07,98.29
2017-12-08,98.278
2017-12-11,98.25
2017-12-12,98.243
2017-12-13,98.25
2017-12-14,98.287
2017-12-15,98.326
2017-12-18,98.354
2017-12-19,98.355
2017-12-20,98.348
2017-12-21,98.355
2017-12-22,98.395
2017-12-25,98.42
2017-12-26,98.403
2017-12-27,98.398
2017-12-28,98.418
2017-12-29,98.435
2017-12-31,98.449
2018-01-02,98.46
2018-01-03,98.444
2018-01-04,98.428
2018-01-05,98.436
2018-01-08,98.449
2018-01-09,98.485
2018-01-10,98.442
2018-01-11,98.4
2018-01-12,98.415
2018-01-15,98.385
2018-01-16,98.398
2018-01-17,98.398
2018-01-18,98.379
2018-01-19,98.372
2018-01-22,98.385
2018-01-23,98.389
2018-01-24,98.378
2018-01-25,98.387
2018-01-26,98.362
2018-01-29,98.378
2018-01-30,98.453
2018-01-31,98.571
2018-02-01,98.632
2018-02-02,98.62
2018-02-05,98.589
2018-02-06,98.832
2018-02-07,98.93
2018-02-08,98.88
2018-02-09,98.877
2018-02-12,98.922
2018-02-13,98.96
2018-02-14,98.977
2018-02-22,99.001
2018-02-23,99.047
2018-02-26,99.265
2018-02-27,99.467
2018-02-28,99.392
2018-03-01,99.393
2018-03-02,99.301
2018-03-05,99.255
2018-03-06,99.431
2018-03-07,99.486
2018-03-08,99.494
2018-03-09,99.441
2018-03-12,99.497
2018-03-13,99.377
2018-03-14,99.349
2018-03-15,99.466
2018-03-16,99.551
2018-03-19,99.613
2018-03-20,99.78
2018-03-21,99.94
2018-03-22,100.067
2018-03-23,100.451
2018-03-26,100.302
2018-03-27,100.209
2018-03-28,100.241
2018-03-29,100.194
2018-03-30,100.245
2018-04-02,100.308
2018-04-03,100.24
2018-04-04,100.447
2018-04-09,100.681
2018-04-10,100.528
2018-04-11,100.587
2018-04-12,100.6
2018-04-13,100.639
2018-04-16,101.052
2018-04-17,101.043
2018-04-18,102.245
2018-04-19,102.168
2018-04-20,102.011
2018-04-23,101.433
2018-04-24,101.563
2018-04-25,101.435
2018-04-26,101.178
2018-04-27,101.166
2018-05-02,101.01
2018-05-03,101.174
2018-05-04,101.303
2018-05-07,101.17
2018-05-08,100.867
2018-05-09,100.759
2018-05-10,100.884
2018-05-11,100.931
2018-05-14,100.916
2018-05-15,100.775
2018-05-16,100.811
2018-05-17,100.805
2018-05-18,100.851
2018-05-21,100.983
2018-05-22,101.146
2018-05-23,101.326
2018-05-24,101.271
2018-05-25,101.56
2018-05-28,101.649
2018-05-29,101.723
2018-05-30,101.792
2018-05-31,101.705
2018-06-01,101.642
2018-06-04,101.424
2018-06-05,101.367
2018-06-06,101.375
2018-06-07,101.309
2018-06-08,101.491
2018-06-11,101.467
2018-06-12,101.263
2018-06-13,101.349
2018-06-14,101.652
2018-06-15,101.809
2018-06-19,102.112
2018-06-20,101.801
2018-06-21,102.024
2018-06-22,102.137
2018-06-25,102.018
2018-06-26,102.113
2018-06-27,102.311
2018-06-28,102.484
2018-06-29,102.9
2018-06-30,102.907
2018-07-02,102.974
2018-07-03,102.777
2018-07-04,102.721
2018-07-05,102.793
2018-07-06,102.628
2018-07-09,102.521
2018-07-10,102.519
2018-07-11,102.767
2018-07-12,102.691
2018-07-13,102.859
2018-07-16,102.922
2018-07-17,102.935
2018-07-18,103.016
2018-07-19,103.231
2018-07-20,102.722
2018-07-23,102.705
2018-07-24,102.488
2018-07-25,102.53
2018-07-26,102.714
2018-07-27,102.831
2018-07-30,102.829
2018-07-31,103.139
2018-08-01,103.181
2018-08-02,103.147
2018-08-03,103.24
2018-08-06,103.26
2018-08-07,103.062
2018-08-08,102.889
2018-08-09,102.714
2018-08-10,102.663
2018-08-13,102.461
2018-08-14,102.682
2018-08-15,102.49
2018-08-16,102.287
2018-08-17,102.057
2018-08-20,102.136
2018-08-21,102.145
2018-08-22,102.314
2018-08-23,102.309
2018-08-24,102.227
2018-08-27,102.212
2018-08-28,102.296
2018-08-29,102.3
2018-08-30,102.489
2018-08-31,102.568
2018-09-03,102.399
2018-09-04,102.337
2018-09-05,102.341
2018-09-06,102.349
2018-09-07,102.206
2018-09-10,102.04
2018-09-11,101.899
2018-09-12,102.046
2018-09-13,102.078
2018-09-14,102.21
2018-09-17,102.252
2018-09-18,102.169
2018-09-19,101.98
2018-09-20,101.809
2018-09-21,102.001
2018-09-25,102.031
2018-09-26,102.145
2018-09-27,102.338
2018-09-28,102.413
2018-10-08,102.532
2018-10-09,102.545
2018-10-10,102.556
2018-10-11,102.824
2018-10-12,102.808
2018-10-15,102.838
2018-10-16,102.917
2018-10-17,102.891
2018-10-18,103.068
2018-10-19,102.952
2018-10-22,102.799
2018-10-23,102.946
2018-10-24,103.17
2018-10-25,103.183
2018-10-26,103.194
2018-10-29,103.431
2018-10-30,103.401
2018-10-31,103.471
2018-11-01,103.596
2018-11-02,103.268
2018-11-05,103.407
2018-11-06,103.571
2018-11-07,103.816
2018-11-08,103.824
2018-11-09,103.871
2018-11-12,103.82
2018-11-13,103.922
2018-11-14,104.346
2018-11-15,104.589
2018-11-16,104.918
2018-11-19,104.748
2018-11-20,104.696
2018-11-21,104.761
2018-11-22,104.607
2018-11-23,104.574
2018-11-26,104.407
2018-11-27,104.519
2018-11-28,104.609
2018-11-29,104.767
2018-11-30,104.731
2018-12-03,104.793
2018-12-04,105.234
2018-12-05,105.255
2018-12-06,105.418
2018-12-07,105.363
2018-12-10,105.591
2018-12-11,105.608
2018-12-12,105.576
2018-12-13,104.981
2018-12-14,104.967
2018-12-17,104.695
2018-12-18,104.777
2018-12-19,105.028
2018-12-20,105.391
2018-12-21,105.315
2018-12-24,105.139
2018-12-25,105.377
2018-12-26,105.535
2018-12-27,105.742
2018-12-28,105.91
2018-12-31,105.935
2019-01-02,106.251
2019-01-03,106.262
2019-01-04,106.017
2019-01-07,105.893
2019-01-08,106.204
2019-01-09,106.284
2019-01-10,106.237
2019-01-11,106.274
2019-01-14,106.17
2019-01-15,106.109
2019-01-16,106.552
2019-01-17,106.559
2019-01-18,106.445
2019-01-21,106.301
2019-01-22,106.298
2019-01-23,106.302
2019-01-24,106.183
2019-01-25,106.158
2019-01-28,106.111
2019-01-29,106.293
2019-01-30,106.326
2019-01-31,106.466
2019-02-01,106.466
2019-02-11,106.754
2019-02-12,106.82
2019-02-13,106.807
2019-02-14,106.687
2019-02-15,106.718
2019-02-18,106.444
2019-02-19,106.373
2019-02-20,106.44
2019-02-21,106.331
2019-02-22,106.3
2019-02-25,106.043
2019-02-26,105.871
2019-02-27,106.083
2019-02-28,106.1
2019-03-01,105.879
2019-03-04,105.875
2019-03-05,105.831
2019-03-06,105.934
2019-03-07,106.251
2019-03-08,106.385
2019-03-11,106.448
2019-03-12,106.372
2019-03-13,106.422
2019-03-14,106.392
2019-03-15,106.439
2019-03-18,106.496
2019-03-19,106.504
2019-03-20,106.448
2019-03-21,106.589
2019-03-22,106.734
2019-03-25,106.994
2019-03-26,107.172
2019-03-27,106.979
2019-03-28,107.182
2019-03-29,107.146
2019-04-01,106.59
2019-04-02,106.337
2019-04-03,105.836
2019-04-04,105.637
2019-04-08,105.788
2019-04-09,105.471
2019-04-10,105.441
2019-04-11,105.565
2019-04-12,105.135
2019-04-15,104.841
2019-04-16,104.692
2019-04-17,104.7
2019-04-18,104.983
2019-04-19,104.873
2019-04-22,104.604
2019-04-23,104.689
2019-04-24,104.424
2019-04-25,104.548
2019-04-26,104.674
2019-04-29,104.522
2019-04-30,104.851
2019-05-06,105.154
2019-05-07,105.161
2019-05-08,105.271
2019-05-09,105.524
2019-05-10,105.61
2019-05-13,105.888
2019-05-14,105.78
2019-05-15,105.864
2019-05-16,105.945
2019-05-17,105.967
2019-05-20,105.948
2019-05-21,105.749
2019-05-22,105.54
2019-05-23,105.613
2019-05-24,105.672
2019-05-27,105.421
2019-05-28,105.575
2019-05-29,105.821
2019-05-30,105.916
2019-05-31,105.938
2019-06-03,106.213
2019-06-04,106.428
2019-06-05,106.439
2019-06-06,106.458
2019-06-10,106.4
2019-06-11,106.128
2019-06-12,106.167
2019-06-13,106.283
2019-06-14,106.412
2019-06-17,106.479
2019-06-18,106.398
2019-06-19,106.326
2019-06-20,106.401
2019-06-21,106.446
2019-06-24,106.358
2019-06-25,106.436
2019-06-26,106.382
2019-06-27,106.32
2019-06-28,106.507
2019-06-30,106.523
2019-07-01,106.527
2019-07-02,106.974
2019-07-03,107.132
2019-07-04,107.128
2019-07-05,106.865
2019-07-08,106.859
2019-07-09,106.887
2019-07-10,106.929
2019-07-11,106.982
2019-07-12,107.043
2019-07-15,106.962
2019-07-16,107.001
2019-07-17,106.989
2019-07-18,107.109
2019-07-19,107.153
2019-07-22,107.193
2019-07-23,107.203
2019-07-24,107.043
2019-07-25,107.108
2019-07-26,107.097
2019-07-29,107.013
2019-07-30,107.073
2019-07-31,107.239
2019-08-01,107.299
2019-08-02,107.72
2019-08-05,108.013
2019-08-06,108.005
2019-08-07,108.088
2019-08-08,107.944
2019-08-09,108.138
2019-08-12,108.055
2019-08-13,108.264
2019-08-14,108.261
2019-08-15,108.264
2019-08-16,108.195
2019-08-19,108.241
2019-08-20,108.22
2019-08-21,108.083
2019-08-22,108.03
2019-08-23,107.992
2019-08-26,108.167
2019-08-27,108.143
2019-08-28,108.125
2019-08-29,108.262
2019-08-30,108.11
2019-09-02,108.046
2019-09-03,108.079
2019-09-04,108.173
2019-09-05,108.434
2019-09-06,108.441
2019-09-09,108.388
2019-09-10,108.258
2019-09-11,108.196
2019-09-12,107.935
2019-09-16,107.928
2019-09-17,107.838
2019-09-18,107.644
2019-09-19,107.772
2019-09-20,107.801
2019-09-23,107.836
2019-09-24,107.715
2019-09-25,107.738
2019-09-26,107.657
2019-09-27,107.509
2019-09-30,107.548
2019-10-08,107.843
2019-10-09,107.906
2019-10-10,107.772
2019-10-11,107.496
2019-10-14,107.466
2019-10-15,107.444
2019-10-16,107.458
2019-10-17,107.565
2019-10-18,107.369
2019-10-21,107.167
2019-10-22,107.163
2019-10-23,107.206
2019-10-24,107.19
2019-10-25,107.077
2019-10-28,106.736
2019-10-29,106.722
2019-10-30,106.61
2019-10-31,106.844
2019-11-01,106.947
2019-11-04,106.803
2019-11-05,107.148
2019-11-06,107.109
2019-11-07,107.082
2019-11-08,107.052
2019-11-11,107.259
2019-11-12,107.289
2019-11-13,107.375
2019-11-14,107.287
2019-11-15,107.39
2019-11-18,107.675
2019-11-19,107.873
2019-11-20,107.892
2019-11-21,107.905
2019-11-22,107.901
2019-11-25,107.744
2019-11-26,107.849
2019-11-27,107.834
2019-11-28,107.89
2019-11-29,107.901
2019-12-02,107.709
2019-12-03,107.837
2019-12-04,107.871
2019-12-05,107.845
2019-12-06,107.874
2019-12-09,107.859
2019-12-10,107.883
2019-12-11,107.954
2019-12-12,107.986
2019-12-13,107.908
2019-12-16,107.913
2019-12-17,107.745
2019-12-18,107.74
2019-12-19,107.795
2019-12-20,108.119
2019-12-23,108.181
2019-12-24,108.307
2019-12-25,108.327
2019-12-26,108.555
2019-12-27,108.59
2019-12-30,108.598
2019-12-31,108.569
2020-01-02,108.489
2020-01-03,108.442
2020-01-06,108.563
2020-01-07,108.473
2020-01-08,108.742
2020-01-09,108.794
2020-01-10,109.002
2020-01-13,109.01
2020-01-14,108.947
2020-01-15,108.955
2020-01-16,108.959
2020-01-17,109.035
2020-01-20,109.238
2020-01-21,109.544
2020-01-22,109.651
2020-01-23,109.872
2020-02-03,111.124
2020-02-04,111.048
2020-02-05,111.015
2020-02-06,111.107
2020-02-07,111.355
2020-02-10,111.465
2020-02-11,111.19
2020-02-12,111.141
2020-02-13,111.19
2020-02-14,110.922
2020-02-17,110.773
2020-02-18,110.853
2020-02-19,110.82
2020-02-20,110.743
2020-02-21,110.996
2020-02-24,111.235
2020-02-25,111.219
2020-02-26,111.305
2020-02-27,111.541
2020-02-28,111.875
2020-03-02,111.819
2020-03-03,111.781
2020-03-04,112.247
2020-03-05,112.233
2020-03-06,112.591
2020-03-09,113.3
2020-03-10,112.7
2020-03-11,112.654
2020-03-12,112.542
2020-03-13,112.215
2020-03-16,112.186
2020-03-17,111.923
2020-03-18,111.936
2020-03-19,111.829
2020-03-20,112.043
2020-03-23,112.436
2020-03-24,112.503
2020-03-25,112.538
2020-03-26,112.798
2020-03-27,112.673
2020-03-30,112.67
2020-03-31,112.884
2020-04-01,113.144
2020-04-02,112.944
2020-04-03,112.796
2020-04-07,113.545
2020-04-08,113.795
2020-04-09,113.513
2020-04-10,113.382
2020-04-13,113.299
2020-04-14,113.361
2020-04-15,113.518
2020-04-16,113.746
2020-04-17,113.526
2020-04-20,113.305
2020-04-21,113.422
2020-04-22,113.568
2020-04-23,114.109
2020-04-24,114.313
2020-04-27,114.088
2020-04-28,114.272
2020-04-29,114.521
2020-04-30,114.206
2020-05-06,113.887
2020-05-07,113.24
2020-05-08,113.282
2020-05-11,112.885
2020-05-12,112.919
2020-05-13,112.767
2020-05-14,112.788
2020-05-15,112.933
2020-05-18,112.642
2020-05-19,112.551
2020-05-20,112.777
2020-05-21,112.874
2020-05-22,113.459
2020-05-25,113.051
2020-05-26,112.594
2020-05-27,112.501
2020-05-28,112.672
2020-05-29,112.79
2020-06-01,112.532
2020-06-02,112.08
2020-06-03,111.888
2020-06-04,111.645
2020-06-05,111.488
2020-06-08,111.773
2020-06-09,111.756
2020-06-10,111.735
2020-06-11,112.073
2020-06-12,112.234
2020-06-15,112.108
2020-06-16,111.559
2020-06-17,111.29
2020-06-18,111.532
2020-06-19,111.44
2020-06-22,111.191
2020-06-23,111.125
2020-06-24,111.372
2020-06-29,111.482
2020-06-30,111.658
2020-07-01,111.581
2020-07-02,111.579
2020-07-03,111.3
2020-07-06,110.53
2020-07-07,110.346
2020-07-08,110.027
2020-07-09,109.737
2020-07-10,110.001
2020-07-13,109.967
2020-07-14,110.247
2020-07-15,110.69
2020-07-16,110.833
2020-07-17,110.775
2020-07-20,110.918
2020-07-21,111.15
2020-07-22,111.289
2020-07-23,111.225
2020-07-24,111.534
2020-07-27,111.445
2020-07-28,111.118
2020-07-29,110.894
2020-07-30,110.884
2020-07-31,110.716
2020-08-03,110.785
2020-08-04,110.829
2020-08-05,110.737
2020-08-06,110.614
2020-08-07,110.552
2020-08-10,110.751
2020-08-11,110.793
2020-08-12,110.736
2020-08-13,110.821
2020-08-14,110.933
2020-08-17,111.032
2020-08-18,110.802
2020-08-19,110.708
2020-08-20,110.601
2020-08-21,110.738
2020-08-24,110.646
2020-08-25,110.377
2020-08-26,110.318
2020-08-27,110.263
2020-08-28,110.184
2020-08-31,110.513
2020-09-01,110.424
2020-09-02,110.133
2020-09-03,110.162
2020-09-04,110.069
2020-09-07,109.909
2020-09-08,110.033
2020-09-09,110.255
2020-09-10,110.249
2020-09-11,109.938
2020-09-14,109.805
2020-09-15,110.11
2020-09-16,109.99
2020-09-17,109.969
2020-09-18,110.053
2020-09-21,110.268
2020-09-22,110.454
2020-09-23,110.364
2020-09-24,110.407
2020-09-25,110.179
2020-09-28,110.357
2020-09-29,110.224
2020-09-30,110.033
2020-10-09,109.741
2020-10-12,109.794
2020-10-13,109.779
2020-10-14,109.643
2020-10-15,109.62
2020-10-16,109.595
2020-10-19,109.783
2020-10-20,109.811
2020-10-21,109.946
2020-10-22,110.127
2020-10-23,109.942
2020-10-26,109.948
2020-10-27,110.166
2020-10-28,110.088
2020-10-29,110.085
2020-10-30,110.145
2020-11-02,110.192
2020-11-03,110.23
2020-11-04,110.315
2020-11-05,110.271
2020-11-06,110.107
2020-11-09,109.984
2020-11-10,110.009
2020-11-11,109.973
2020-11-12,109.82
2020-11-13,109.721
2020-11-16,109.777
2020-11-17,109.663
2020-11-18,109.427
2020-11-19,109.296
2020-11-20,109.383
2020-11-23,109.664
2020-11-24,109.594
2020-11-25,109.642
2020-11-26,109.592
2020-11-27,109.551
2020-11-30,109.88
2020-12-01,109.759
2020-12-02,109.639
2020-12-03,109.683
2020-12-04,109.78
2020-12-07,109.767
2020-12-08,109.91
2020-12-09,109.847
2020-12-10,109.912
2020-12-11,109.637
2020-12-14,109.657
2020-12-15,109.776
2020-12-16,109.786
2020-12-17,109.762
2020-12-18,109.71
2020-12-21,109.898
2020-12-22,110.195
2020-12-23,110.223
2020-12-24,110.101
2020-12-25,110.34
2020-12-28,110.494
2020-12-29,110.558
2020-12-30,110.825
2020-12-31,110.653
2021-01-04,110.516
2021-01-05,110.736
2021-01-06,110.787
2021-01-07,110.895
2021-01-08,110.752
2021-01-11,110.621
2021-01-12,110.719
2021-01-13,110.979
2021-01-14,111.111
2021-01-15,110.852
2021-01-18,110.725
2021-01-19,110.824
2021-01-20,110.879
2021-01-21,111.105
2021-01-22,111.189
2021-01-25,111.153
2021-01-26,110.907
2021-01-27,110.921
2021-01-28,110.662
2021-01-29,110.752
2021-02-01,110.828
2021-02-02,110.788
2021-02-03,110.556
2021-02-04,110.432
2021-02-05,110.463
2021-02-08,110.413
2021-02-09,110.58
2021-02-10,110.466
2021-02-18,110.204
2021-02-19,110.408
2021-02-22,110.328
2021-02-23,110.402
2021-02-24,110.407
2021-02-25,110.337
2021-02-26,110.249
2021-03-01,110.476
2021-03-02,110.527
2021-03-03,110.502
2021-03-04,110.484
2021-03-05,110.631
2021-03-08,110.743
2021-03-09,110.67
2021-03-10,110.766
2021-03-11,110.703
2021-03-12,110.677
2021-03-15,110.605
2021-03-16,110.688
2021-03-17,110.724
2021-03-18,110.71
2021-03-19,110.836
2021-03-22,110.905
2021-03-23,110.973
2021-03-24,111.119
2021-03-25,111.143
2021-03-26,111.072
2021-03-29,111.073
2021-03-30,111.048
2021-03-31,111.161
2021-04-01,111.113
2021-04-02,111.149
2021-04-06,111.134
2021-04-07,111.03
2021-04-08,111.015
2021-04-09,111.142
2021-04-12,111.268
2021-04-13,111.505
2021-04-14,111.525
2021-04-15,111.502
2021-04-16,111.577
2021-04-19,111.691
2021-04-20,111.72
2021-04-21,111.743
2021-04-22,111.691
2021-04-23,111.66
2021-04-26,111.448
2021-04-27,111.413
2021-04-28,111.503
2021-04-29,111.581
2021-04-30,111.789
2021-05-06,111.902
2021-05-07,111.878
2021-05-10,111.988
2021-05-11,112.058
2021-05-12,112.123
2021-05-13,112.118
2021-05-14,112.16
2021-05-17,112.11
2021-05-18,112.153
2021-05-19,112.342
2021-05-20,112.521
2021-05-21,112.658
2021-05-24,112.68
2021-05-25,112.673
2021-05-26,112.789
2021-05-27,112.69
2021-05-28,112.594
2021-05-31,112.716
2021-06-01,112.777
2021-06-02,112.628
2021-06-03,112.661
2021-06-04,112.426
2021-06-07,112.312
2021-06-08,112.317
2021-06-09,112.365
2021-06-10,112.428
2021-06-11,112.273
2021-06-15,112.321
2021-06-16,112.255
2021-06-17,112.21
2021-06-18,112.334
2021-06-21,112.574
2021-06-22,112.62
2021-06-23,112.7
2021-06-24,112.694
2021-06-25,112.702
2021-06-28,112.626
2021-06-29,112.675
2021-06-30,112.753
2021-07-01,112.691
2021-07-02,112.738
2021-07-05,112.796
2021-07-06,112.781
2021-07-07,112.957
2021-07-08,113.496
2021-07-09,113.341
2021-07-12,113.84
2021-07-13,113.961
2021-07-14,114.027
2021-07-15,113.825
2021-07-16,113.898
2021-07-19,113.926
2021-07-20,114.074
2021-07-21,114.197
2021-07-22,114.113
2021-07-23,114.254
2021-07-26,114.543
2021-07-27,114.306
2021-07-28,114.272
2021-07-29,114.515
2021-07-30,114.875
2021-08-02,115.052
2021-08-03,114.938
2021-08-04,114.919
2021-08-05,115.144
2021-08-06,115.069
2021-08-09,114.683
2021-08-10,114.651
2021-08-11,114.557
2021-08-12,114.769
2021-08-13,114.62
2021-08-16,114.557
2021-08-17,114.631
2021-08-18,114.899
2021-08-19,115.011
2021-08-20,114.95
2021-08-23,114.854
2021-08-24,114.949
2021-08-25,114.954
2021-08-26,114.715
2021-08-27,114.807
2021-08-30,114.961
2021-08-31,115.01
2021-09-01,115.263
2021-09-02,115.225
2021-09-03,115.202
2021-09-06,115.19
2021-09-07,114.981
2021-09-08,114.924
2021-09-09,114.903
2021-09-10,114.946
2021-09-13,114.771
2021-09-14,114.8
2021-09-15,114.694
2021-09-16,114.787
2021-09-17,114.869
2021-09-22,115.057
2021-09-23,115.161
2021-09-24,115.074
2021-09-27,115.018
2021-09-28,114.993
2021-09-29,115.088
2021-09-30,115.011
2021-10-08,114.82
2021-10-11,114.454
2021-10-12,114.429
2021-10-13,114.45
2021-10-14,114.458
2021-10-15,114.395
2021-10-18,113.893
2021-10-19,114.11
2021-10-20,114.191
2021-10-21,114.434
2021-10-22,114.319
2021-10-25,114.351
2021-10-26,114.44
2021-10-27,114.462
2021-10-28,114.572
2021-10-29,114.547
2021-11-01,114.784
2021-11-02,114.962
2021-11-03,114.897
2021-11-04,114.998
2021-11-05,115.289
2021-11-08,115.242
2021-11-09,115.283
2021-11-10,115.259
2021-11-11,115.091
2021-11-12,115.114
2021-11-15,115.245
2021-11-16,115.261
2021-11-17,115.221
2021-11-18,115.356
2021-11-19,115.195
2021-11-22,115.392
2021-11-23,115.356
2021-11-24,115.579
2021-11-25,115.607
2021-11-26,115.857
2021-11-29,115.817
2021-11-30,115.797
2021-12-01,115.667
2021-12-02,115.524
2021-12-03,115.424
2021-12-06,115.847
2021-12-07,115.634
2021-12-08,115.56
2021-12-09,115.592
2021-12-10,115.68
2021-12-13,115.608
2021-12-14,115.728
2021-12-15,115.725
2021-12-16,115.644
2021-12-17,115.691
2021-12-20,115.722
2021-12-21,115.725
2021-12-22,115.877
2021-12-23,116.034
2021-12-24,115.973
2021-12-27,116.105
2021-12-28,116.202
2021-12-29,116.313
2021-12-30,116.432
2021-12-31,116.393
2022-01-04,116.383
2022-01-05,116.349
2022-01-06,116.208
2022-01-07,116.238
2022-01-10,116.348
2022-01-11,116.483
2022-01-12,116.526
2022-01-13,116.568
2022-01-14,116.592
2022-01-17,116.668
2022-01-18,117.024
2022-01-19,117.212
2022-01-20,117.284
2022-01-21,117.451
2022-01-24,117.733
2022-01-25,117.621
2022-01-26,117.422
2022-01-27,117.257
2022-01-28,117.495
2022-02-07,117.452
2022-02-08,117.49
2022-02-09,117.411
2022-02-10,117.401
2022-02-11,116.935
2022-02-14,116.879
2022-02-15,116.929
2022-02-16,116.976
2022-02-17,117.052
2022-02-18,116.939
2022-02-21,116.635
2022-02-22,116.616
2022-02-23,116.782
2022-02-24,116.842
2022-02-25,116.966
2022-02-28,117.006
2022-03-01,116.798
2022-03-02,116.709
2022-03-03,116.536
2022-03-04,116.696
2022-03-07,116.703
2022-03-08,116.69
2022-03-09,116.577
2022-03-10,116.527
2022-03-11,116.967
2022-03-14,117.225
2022-03-15,116.805
2022-03-16,116.93
2022-03-17,116.958
2022-03-18,116.959
2022-03-21,116.884
2022-03-22,116.707
2022-03-23,116.742
2022-03-24,116.922
2022-03-25,116.922
2022-03-28,116.992
2022-03-29,117.016
2022-03-30,117.138
2022-03-31,117.026
2022-04-01,117.17
2022-04-06,117.308
2022-04-07,117.507
2022-04-08,117.445
2022-04-11,117.349
2022-04-12,117.338
2022-04-13,117.378
2022-04-14,117.407
2022-04-15,117.442
2022-04-18,117.114
2022-04-19,117.11
2022-04-20,117.117
2022-04-21,117.21
2022-04-22,117.163
2022-04-25,117.369
2022-04-26,117.321
2022-04-27,117.256
2022-04-28,117.181
2022-04-29,117.272
2022-05-05,117.369
2022-05-06,117.345
2022-05-09,117.445
2022-05-10,117.498
2022-05-11,117.44
2022-05-12,117.552
2022-05-13,117.45
2022-05-16,117.483
2022-05-17,117.554
2022-05-18,117.658
2022-05-19,117.673
2022-05-20,117.618
2022-05-23,117.769
2022-05-24,117.821
2022-05-25,117.925
2022-05-26,118.264
2022-05-27,118.274
2022-05-30,118.128
2022-05-31,117.983
2022-06-01,117.893
2022-06-02,117.882
2022-06-06,117.85
2022-06-07,117.966
2022-06-08,117.945
2022-06-09,118.005
2022-06-10,118.035
2022-06-13,117.982
2022-06-14,117.954
2022-06-15,117.863
2022-06-16,117.93
2022-06-17,117.918
2022-06-20,117.85
2022-06-21,117.884
2022-06-22,117.925
2022-06-23,117.897
2022-06-24,117.786
2022-06-27,117.548
2022-06-28,117.484
2022-06-29,117.558
2022-06-30,117.697
2022-07-01,117.703
2022-07-04,117.615
2022-07-05,117.667
2022-07-06,117.707
2022-07-07,117.759
2022-07-08,117.736
2022-07-11,117.864
2022-07-12,117.968
2022-07-13,118.032
2022-07-14,118.164
2022-07-15,118.196
2022-07-18,118.224
2022-07-19,118.235
2022-07-20,118.372
2022-07-21,118.441
2022-07-22,118.358
2022-07-25,118.444
2022-07-26,118.532
2022-07-27,118.56
2022-07-28,118.454
2022-07-29,118.713
2022-08-01,118.917
2022-08-02,118.943
2022-08-03,119.053
2022-08-04,119.089
2022-08-05,119.004
2022-08-08,118.971
2022-08-09,118.967
2022-08-10,118.981
2022-08-11,119.023
2022-08-12,119.012
2022-08-15,119.559
2022-08-16,119.723
2022-08-17,119.743
2022-08-18,119.862
2022-08-19,119.84
2022-08-22,119.844
2022-08-23,119.785
2022-08-24,119.805
2022-08-25,119.617
2022-08-26,119.622
2022-08-29,119.783
2022-08-30,119.832
2022-08-31,119.781
2022-09-01,119.903
2022-09-02,119.882
2022-09-05,119.983
2022-09-06,120.028
2022-09-07,119.993
2022-09-08,119.957
2022-09-09,119.856
2022-09-13,119.825
2022-09-14,119.723
2022-09-15,119.749
2022-09-16,119.694
2022-09-19,119.705
2022-09-20,119.818
2022-09-21,119.867
2022-09-22,119.856
2022-09-23,119.72
2022-09-26,119.491
2022-09-27,119.514
2022-09-28,119.282
2022-09-29,119.158
2022-09-30,119.061
2022-10-10,119.345
2022-10-11,119.341
2022-10-12,119.398
2022-10-13,119.455
2022-10-14,119.697
2022-10-17,119.722
2022-10-18,119.747
2022-10-19,119.746
2022-10-20,119.664
2022-10-21,119.611
2022-10-24,119.732
2022-10-25,119.634
2022-10-26,119.791
2022-10-27,119.922
2022-10-28,120.131
2022-10-31,120.262
2022-11-01,120.124
2022-11-02,120.004
2022-11-03,120.049
2022-11-04,119.898
2022-11-07,119.967
2022-11-08,120.046
2022-11-09,119.989
2022-11-10,119.954
2022-11-11,119.699
2022-11-14,118.941
2022-11-15,119.015
2022-11-16,118.858
2022-11-17,119.109
2022-11-18,119.013
2022-11-21,119.11
2022-11-22,119.074
2022-11-23,119.306
2022-11-24,119.428
2022-11-25,119.2
2022-11-28,119.022
2022-11-29,118.789
2022-11-30,118.75
2022-12-01,118.933
2022-12-02,118.944
2022-12-05,118.804
2022-12-06,118.616
2022-12-07,118.883
2022-12-08,118.902
2022-12-09,118.839
2022-12-12,118.837
2022-12-13,118.776
2022-12-14,119.044
2022-12-15,118.947
2022-12-16,118.939
2022-12-19,119.124
2022-12-20,119.105
2022-12-21,119.174
2022-12-22,119.251
2022-12-23,119.37
2022-12-26,119.288
2022-12-27,119.106
2022-12-28,119.184
2022-12-29,119.296
2022-12-30,119.317
2022-12-31,119.328
2023-01-03,119.444
2023-01-04,119.566
2023-01-05,119.467
2023-01-06,119.419
2023-01-09,119.414
2023-01-10,119.264
2023-01-11,119.304
2023-01-12,119.287
2023-01-13,119.192
2023-01-16,119.06
2023-01-17,119.172
2023-01-18,119.135
2023-01-19,119.146
2023-01-20,119.063
2023-01-30,119.244
2023-01-31,119.339
2023-02-01,119.27
2023-02-02,119.327
2023-02-03,119.335
2023-02-06,119.323
2023-02-07,119.379
2023-02-08,119.389
2023-02-09,119.433
2023-02-10,119.416
2023-02-13,119.47
2023-02-14,119.487
2023-02-15,119.494
2023-02-16,119.545
2023-02-17,119.54
2023-02-20,119.422
2023-02-21,119.423
2023-02-22,119.468
2023-02-23,119.461
2023-02-24,119.504
2023-02-27,119.524
2023-02-28,119.541
2023-03-01,119.551
2023-03-02,119.489
2023-03-03,119.513
2023-03-06,119.697
2023-03-07,119.751
2023-03-08,119.722
2023-03-09,119.792
2023-03-10,119.87
2023-03-13,119.845
2023-03-14,119.9
2023-03-15,119.896
2023-03-16,120.011
2023-03-17,120.025
2023-03-20,120.088
2023-03-21,120.017
2023-03-22,120.01
2023-03-23,119.965
2023-03-24,119.903
2023-03-27,120.016
2023-03-28,120.01
2023-03-29,120.057
2023-03-30,120.031
2023-03-31,120.073
2023-04-03,120.027
2023-04-04,120.034
2023-04-06,120.06
2023-04-07,120.153
2023-04-10,120.196
2023-04-11,120.358
2023-04-12,120.421
2023-04-13,120.376
2023-04-14,120.375
2023-04-17,120.286
2023-04-18,120.364
2023-04-19,120.397
2023-04-20,120.412
2023-04-21,120.481
2023-04-24,120.565
2023-04-25,120.582
2023-04-26,120.681
2023-04-27,120.897
2023-04-28,120.927
2023-05-04,121.09
2023-05-05,121.291
2023-05-08,121.171
2023-05-09,121.239
2023-05-10,121.366
2023-05-11,121.52
2023-05-12,121.502
2023-05-15,121.412
2023-05-16,121.458
2023-05-17,121.401
2023-05-18,121.378
2023-05-19,121.447
2023-05-22,121.52
2023-05-23,121.654
2023-05-24,121.64
2023-05-25,121.641
2023-05-26,121.528
2023-05-29,121.6
2023-05-30,121.606
2023-05-31,121.731
2023-06-01,121.829
2023-06-02,121.703
2023-06-05,121.761
2023-06-06,121.858
2023-06-07,121.909
2023-06-08,121.903
2023-06-09,122.066
2023-06-12,122.114
2023-06-13,122.441
2023-06-14,122.467
2023-06-15,122.175
2023-06-16,122.005
2023-06-19,121.82
2023-06-20,121.956
2023-06-21,122.028
2023-06-26,122.101
2023-06-27,122.028
2023-06-28,122.078
2023-06-29,122.116
2023-06-30,122.307
2023-07-03,122.279
2023-07-04,122.232
2023-07-05,122.309
2023-07-06,122.312
2023-07-07,122.367
2023-07-10,122.4
2023-07-11,122.462
2023-07-12,122.459
2023-07-13,122.439
2023-07-14,122.423
2023-07-17,122.535
2023-07-18,122.644
2023-07-19,122.645
2023-07-20,122.697
2023-07-21,122.82
2023-07-24,122.94
2023-07-25,122.425
2023-07-26,122.608
2023-07-27,122.703
2023-07-28,122.62
2023-07-31,122.569
2023-08-01,122.595
2023-08-02,122.675
2023-08-03,122.776
2023-08-04,122.771
2023-08-07,122.83
2023-08-08,122.865
2023-08-09,122.864
2023-08-10,122.854
2023-08-11,122.923
2023-08-14,123.093
2023-08-15,123.385
2023-08-16,123.497
2023-08-17,123.458
2023-08-18,123.524
2023-08-21,123.742
2023-08-22,123.653
2023-08-23,123.677
2023-08-24,123.679
2023-08-25,123.568
2023-08-28,123.464
2023-08-29,123.375
2023-08-30,123.451
2023-08-31,123.477
2023-09-01,123.255
2023-09-04,123.006
2023-09-05,123.032
2023-09-06,122.83
2023-09-07,122.801
2023-09-08,122.821
2023-09-11,122.856
2023-09-12,122.914
2023-09-13,123.024
2023-09-14,123.134
2023-09-15,122.934
2023-09-18,122.873
2023-09-19,122.837
2023-09-20,122.825
2023-09-21,122.887
2023-09-22,122.725
2023-09-25,122.573
2023-09-26,122.536
2023-09-27,122.543
2023-09-28,122.709
2023-10-09,122.82
2023-10-10,122.76
2023-10-11,122.643
2023-10-12,122.694
2023-10-13,122.871
2023-10-16,122.894
2023-10-17,122.852
2023-10-18,122.812
2023-10-19,122.692
2023-10-20,122.788
2023-10-23,122.906
2023-10-24,122.816
2023-10-25,122.944
2023-10-26,122.911
2023-10-27,122.954
2023-10-30,123.007
2023-10-31,123.154
2023-11-01,123.198
2023-11-02,123.375
2023-11-03,123.357
2023-11-06,123.4
2023-11-07,123.356
2023-11-08,123.435
2023-11-09,123.432
2023-11-10,123.466
2023-11-13,123.508
2023-11-14,123.442
2023-11-15,123.442
2023-11-16,123.501
2023-11-17,123.555
2023-11-20,123.531
2023-11-21,123.525
2023-11-22,123.446
2023-11-23,123.323
2023-11-24,123.319
2023-11-27,123.278
2023-11-28,123.397
2023-11-29,123.379
2023-11-30,123.449
2023-12-01,123.475
2023-12-04,123.403
2023-12-05,123.432
2023-12-06,123.414
2023-12-07,123.47
2023-12-08,123.477
2023-12-11,123.631
2023-12-12,123.655
2023-12-13,123.78
2023-12-14,123.755
2023-12-15,123.879
2023-12-18,123.927
2023-12-19,123.9
2023-12-20,123.895
2023-12-21,124.072
2023-12-22,124.116
2023-12-25,124.3
2023-12-26,124.3
2023-12-27,124.449
2023-12-28,124.414
2023-12-29,124.526
2023-12-31,124.545
2024-01-02,124.452
2024-01-03,124.486
2024-01-04,124.569
2024-01-05,124.721
2024-01-08,124.74
2024-01-09,124.937
2024-01-10,124.858
2024-01-11,124.848
2024-01-12,124.701
2024-01-15,124.734
2024-01-16,124.725
2024-01-17,124.87
2024-01-18,124.88
2024-01-19,124.989
2024-01-22,125.113
2024-01-23,125.019
2024-01-24,125.016
2024-01-25,125.15
2024-01-26,125.143
2024-01-29,125.247
2024-01-30,125.621
2024-01-31,125.8
2024-02-01,125.773
2024-02-02,125.826
2024-02-05,125.99
2024-02-06,125.547
2024-02-07,125.858
2024-02-08,125.707
2024-02-19,125.859
2024-02-20,126.022
2024-02-21,126.04
2024-02-22,126.161
2024-02-23,126.211
2024-02-26,126.423
2024-02-27,126.435
2024-02-28,126.62
2024-02-29,126.699
2024-03-01,126.358
2024-03-04,126.552
2024-03-05,126.762
2024-03-06,127.205
2024-03-07,127.109
2024-03-08,127.061
2024-03-11,126.913
2024-03-12,126.525
2024-03-13,126.63
2024-03-14,126.509
2024-03-15,126.645
2024-03-18,126.857
2024-03-19,126.94
2024-03-20,126.816
2024-03-21,126.923
2024-03-22,126.784
2024-03-25,126.681
2024-03-26,126.664
2024-03-27,126.903
2024-03-28,126.823
2024-03-29,126.97
2024-04-01,126.809
2024-04-02,126.945
2024-04-03,127.074
2024-04-08,127.168
2024-04-09,127.235
2024-04-10,127.115
2024-04-11,127.187
2024-04-12,127.393
2024-04-15,127.468
2024-04-16,127.539
2024-04-17,127.651
2024-04-18,127.773
2024-04-19,127.806
2024-04-22,127.947
2024-04-23,128.119
2024-04-24,127.684
2024-04-25,127.78
2024-04-26,127.403
2024-04-29,126.981
2024-04-30,127.401
2024-05-06,127.488
2024-05-07,127.726
2024-05-08,127.682
2024-05-09,127.499
2024-05-10,127.52
2024-05-13,127.729
2024-05-14,127.746
2024-05-15,127.69
2024-05-16,127.57
2024-05-17,127.615
2024-05-20,127.654
2024-05-21,127.629
2024-05-22,127.686
2024-05-23,127.822
2024-05-24,127.78
2024-05-27,127.82
2024-05-28,127.928
2024-05-29,127.934
2024-05-30,127.898
2024-05-31,127.828
2024-06-03,127.974
2024-06-04,128.004
2024-06-05,128.128
2024-06-06,128.154
2024-06-07,128.157
2024-06-11,128.237
2024-06-12,128.218
2024-06-13,128.271
2024-06-14,128.368
2024-06-17,128.351
2024-06-18,128.451
2024-06-19,128.602
2024-06-20,128.592
2024-06-21,128.524
2024-06-24,128.674
2024-06-25,128.762
2024-06-26,128.847
2024-06-27,129.036
2024-06-28,129.079
2024-06-30,129.095
2024-07-01,128.799
2024-07-02,128.957
2024-07-03,129.063
2024-07-04,129.055
2024-07-05,128.856
2024-07-08,128.633
2024-07-09,128.868
2024-07-10,128.87
2024-07-11,128.916
2024-07-12,129.002
2024-07-15,129.105
2024-07-16,129.146
2024-07-17,129.177
2024-07-18,129.098
2024-07-19,129.191
2024-07-22,129.492
2024-07-23,129.741
2024-07-24,129.717
2024-07-25,129.859
2024-07-26,129.94
2024-07-29,130.148
2024-07-30,130.239
2024-07-31,130.346
2024-08-01,130.575
2024-08-02,130.637
2024-08-05,130.658
2024-08-06,130.607
2024-08-07,130.771
2024-08-08,130.317
2024-08-09,130.058
2024-08-12,129.477
2024-08-13,129.704
2024-08-14,130.031
2024-08-15,129.947
2024-08-16,130.016
2024-08-19,130.178
2024-08-20,130.205
2024-08-21,130.222
2024-08-22,130.327
2024-08-23,130.393
2024-08-26,130.36
2024-08-27,130.107
2024-08-28,130.28
2024-08-29,130.18
2024-08-30,130.199
2024-09-02,130.487
2024-09-03,130.576
2024-09-04,130.691
2024-09-05,130.728
2024-09-06,130.725
2024-09-09,130.896
2024-09-10,131.058
2024-09-11,131.214
2024-09-12,131.249
2024-09-13,131.472
2024-09-18,131.674
2024-09-19,131.637
2024-09-20,131.692
2024-09-23,131.703
2024-09-24,131.406
2024-09-25,131.746
2024-09-26,131.411
2024-09-27,130.414
2024-09-30,130.337
2024-10-08,130.058
2024-10-09,130.284
2024-10-10,130.685
2024-10-11,130.711
2024-10-14,130.755
2024-10-15,130.895
2024-10-16,130.867
2024-10-17,131.118
2024-10-18,130.974
2024-10-21,130.999
2024-10-22,130.798
2024-10-23,130.688
2024-10-24,130.634
2024-10-25,130.68
2024-10-28,130.641
2024-10-29,130.69
2024-10-30,130.683
2024-10-31,130.829
2024-11-01,130.954
2024-11-04,131.011
2024-11-05,131.131
2024-11-06,131.079
2024-11-07,131.199
2024-11-08,131.28
2024-11-11,131.377
2024-11-12,131.622
2024-11-13,131.514
2024-11-14,131.592
2024-11-15,131.572
2024-11-18,131.442
2024-11-19,131.59
2024-11-20,131.553
2024-11-21,131.756
2024-11-22,131.77
2024-11-25,131.937
2024-11-26,131.966
2024-11-27,131.981
2024-11-28,132.179
2024-11-29,132.303
2024-12-02,132.743
2024-12-03,132.704
2024-12-04,133.001
2024-12-05,133.053
2024-12-06,133.019
2024-12-09,133.367
2024-12-10,134.082
2024-12-11,134.255
2024-12-12,134.414
2024-12-13,134.783
2024-12-16,135.296
2024-12-17,135.224
2024-12-18,134.936
2024-12-19,135.067
2024-12-20,135.514
2024-12-23,135.47
2024-12-24,135.214
2024-12-25,135.032
2024-12-26,135.291
2024-12-27,135.534
2024-12-30,135.445
2024-12-31,135.773
2025-01-02,136.366
2025-01-03,136.533
2025-01-06,136.616
2025-01-07,136.435
2025-01-08,136.482
2025-01-09,136.182
2025-01-10,136.278
2025-01-13,136.013
2025-01-14,136.304
2025-01-15,136.345
2025-01-16,136.263
2025-01-17,136.101
2025-01-20,135.977
2025-01-21,136.243
2025-01-22,136.16
2025-01-23,136.053
2025-01-24,136.111
2025-01-27,136.411
2025-02-05,136.565
2025-02-06,136.727
2025-02-07,136.665
2025-02-10,136.419
2025-02-11,136.518
2025-02-12,136.459
2025-02-13,136.413
2025-02-14,136.181
2025-02-17,135.908
2025-02-18,135.767
2025-02-19,135.905
2025-02-20,135.62
2025-02-21,135.291
2025-02-24,134.886
2025-02-25,135.151
2025-02-26,135.239
2025-02-27,134.97
2025-02-28,135.268
2025-03-03,135.492
2025-03-04,135.407
2025-03-05,135.477
2025-03-06,135.117
2025-03-07,134.581
2025-03-10,134.438
2025-03-11,133.784
2025-03-12,134.22
2025-03-13,134.072
2025-03-14,134.262
2025-03-17,133.62
2025-03-18,133.679
2025-03-19,133.817
2025-03-20,134.267
2025-03-21,134.146
2025-03-24,134.268
2025-03-25,134.418
2025-03-26,134.668
2025-03-27,134.593
2025-03-28,134.575
2025-03-31,134.625
2025-04-01,134.544
2025-04-02,134.802
2025-04-03,135.573
2025-04-07,136.341
2025-04-08,135.941
2025-04-09,136.084
2025-04-10,136.152
2025-04-11,136.105
2025-04-14,136.12
2025-04-15,136.166
2025-04-16,136.331
2025-04-17,136.235
2025-04-18,136.257
2025-04-21,136.097
2025-04-22,136.236
2025-04-23,136.091
2025-04-24,136.077
2025-04-25,136.119
2025-04-28,136.243
2025-04-29,136.479
2025-04-30,136.515
2025-05-06,136.532
2025-05-07,136.369
2025-05-08,136.542
2025-05-09,136.574
2025-05-12,136.054
2025-05-13,136.254
2025-05-14,136.183
2025-05-15,136.076
2025-05-16,136.077
2025-05-19,136.262
2025-05-20,136.226
2025-05-21,136.186
2025-05-22,136.151
2025-05-23,136.177
2025-05-26,136.231
2025-05-27,136.167
2025-05-28,136.124
2025-05-29,136.002
2025-05-30,136.238
2025-06-03,136.22
2025-06-04,136.288
2025-06-05,136.292
2025-06-06,136.486
2025-06-09,136.541
2025-06-10,136.536
2025-06-11,136.651
2025-06-12,136.606
2025-06-13,136.619
2025-06-16,136.644
2025-06-17,136.767
2025-06-18,136.767
2025-06-19,136.768
2025-06-20,136.798
2025-06-23,136.79
2025-06-24,136.695
2025-06-25,136.606
2025-06-26,136.685
2025-06-27,136.706
2025-06-30,136.684
2025-07-01,136.773
2025-07-02,136.872
2025-07-03,136.881
2025-07-04,136.886
2025-07-07,136.915
2025-07-08,136.855
2025-07-09,136.865
2025-07-10,136.693
2025-07-11,136.651
2025-07-14,136.584
2025-07-15,136.785
2025-07-16,136.741
2025-07-17,136.735
2025-07-18,136.717
2025-07-21,136.592
2025-07-22,136.437
2025-07-23,136.306
2025-07-24,135.956
2025-07-25,135.999
2025-07-28,136.189
2025-07-29,135.829
2025-07-30,136.155
2025-07-31,136.32
2025-08-01,136.328
2025-08-04,136.353
2025-08-05,136.398
2025-08-06,136.465
2025-08-07,136.578
2025-08-08,136.583
2025-08-11,136.302
2025-08-12,136.219
2025-08-13,136.256
2025-08-14,136.146
2025-08-15,136.031
2025-08-18,135.6
2025-08-19,135.739
2025-08-20,135.64
2025-08-21,135.811
2025-08-22,135.686
2025-08-25,135.887
2025-08-26,135.938
2025-08-27,135.853
2025-08-28,135.614
2025-08-29,135.704
2025-09-01,135.825
2025-09-02,135.863
2025-09-03,136.077
2025-09-04,136.039
2025-09-05,135.851
2025-09-08,135.673
2025-09-09,135.582
2025-09-10,135.295
2025-09-11,135.495
2025-09-12,135.624
2025-09-15,135.62
2025-09-16,135.84
2025-09-17,136.019
2025-09-18,135.839
2025-09-19,135.609
2025-09-22,135.774
2025-09-23,134.272
2025-09-24,134.035
2025-09-25,134.136
2025-09-26,134.227
2025-09-29,134.162
2025-09-30,134.412
2025-10-09,134.604
2025-10-10,134.603
2025-10-13,134.738
2025-10-14,134.824
2025-10-15,134.779
2025-10-16,134.843
2025-10-17,134.95
2025-10-20,134.747
2025-10-21,134.843
2025-10-22,134.806
2025-10-23,134.735
2025-10-24,134.666
2025-10-27,134.763
2025-10-28,135.029
2025-10-29,135.055
2025-10-30,135.188
2025-10-31,135.339
2025-11-03,135.355
2025-11-04,135.326
2025-11-05,135.341
2025-11-06,135.213
2025-11-07,135.153
2025-11-10,135.202
2025-11-11,135.217
2025-11-12,135.259
2025-11-13,135.21
2025-11-14,135.197
2025-11-17,135.255
2025-11-18,135.247
2025-11-19,135.203
2025-11-20,135.226
2025-11-21,135.208
2025-11-24,135.231
2025-11-25,135.179
2025-11-26,134.994
2025-11-27,134.86
2025-11-28,134.982
2025-12-01,135.042
2025-12-02,134.974
2025-12-03,134.916
2025-12-04,134.677
2025-12-05,134.93
2025-12-08,134.928
2025-12-09,134.981
2025-12-10,134.98
2025-12-11,135.072
2025-12-12,134.927
2025-12-15,134.799
2025-12-16,134.861
2025-12-17,135.009
2025-12-18,135.011
2025-12-19,135.102
2025-12-22,135.019
2025-12-23,135.164
2025-12-24,135.175
2025-12-25,135.136
2025-12-26,134.342
2025-12-29,134.074
2025-12-30,134.028
2025-12-31,134.113
2026-01-05,134.05
2026-01-06,133.845
2026-01-07,133.737
2026-01-08,133.885
2026-01-09,133.945
2026-01-12,134.094
2026-01-13,134.191
2026-01-14,134.277
2026-01-15,134.258
2026-01-16,134.424
2026-01-19,134.459
2026-01-20,134.555
2026-01-21,134.578
2026-01-22,134.508
2026-01-23,134.636
2026-01-26,134.693
2026-01-27,134.649
2026-01-28,134.796
2026-01-29,134.804
2026-01-30,134.875
2026-02-02,134.816
2026-02-03,134.837
2026-02-04,134.84
2026-02-05,134.908
2026-02-06,135.007
2026-02-09,135.052
2026-02-10,135.088
2026-02-11,135.185
2026-02-12,135.291
2026-02-13,135.207
2026-02-24,135.241
2026-02-25,135.099
2026-02-26,134.957
2026-02-27,135.084
2026-03-02,135.236
2026-03-03,135.204
2026-03-04,135.283
2026-03-05,135.302
2026-03-06,135.26
2026-03-09,135.035
2026-03-10,135.056
2026-03-11,135.019
2026-03-12,135.081
2026-03-13,134.997
2026-03-16,134.861
2026-03-17,134.904
2026-03-18,135.037
2026-03-19,134.99
2026-03-20,134.998
2026-03-23,134.972
2026-03-24,135.019
2026-03-25,134.394
2026-03-26,134.427
2026-03-27,134.473
2026-03-30,134.624
2026-03-31,134.563
2026-04-01,134.461
2026-04-02,134.461
2026-04-03,134.505
2026-04-07,134.562
2026-04-08,134.61
2026-04-09,134.572
2026-04-10,134.638
2026-04-13,134.799
2026-04-14,134.9
2026-04-15,134.951
2026-04-16,134.957
2026-04-17,135.135
2026-04-20,135.151
2026-04-21,135.258
2026-04-22,135.366
2026-04-23,135.227
2026-04-24,135.138
2026-04-27,135.03
2026-04-28,135.096
2026-04-29,135.298
2026-04-30,135.266
2026-05-06,135.168
2026-05-07,135.209
2026-05-08,135.227
2026-05-11,135.3
2026-05-12,135.336
2026-05-13,135.428
2026-05-14,135.376
2026-05-15,135.369
2026-05-18,135.492
2026-05-19,135.628
2026-05-20,135.632
2026-05-21,135.587
2026-05-22,135.523
2026-05-25,135.589
2026-05-26,135.659
2026-05-27,135.827
2026-05-28,135.908
2026-05-29,135.998
2026-06-01,136.093
2026-06-02,136.126
2026-06-03,136.061
2026-06-04,136.149
2026-06-05,136.045
2026-06-08,135.959
2026-06-09,135.854
2026-06-10,135.72
2026-06-11,135.648
2026-06-12,135.71
2026-06-15,135.716
2026-06-16,135.878
2026-06-17,135.957
2026-06-18,135.989
2026-06-22,135.959
2026-06-23,135.9
2026-06-24,135.896
2026-06-25,134.746
2026-06-26,134.809
2026-06-29,134.993
2026-06-30,134.864
2026-07-01,134.699
2026-07-02,134.755
2026-07-03,134.716
2026-07-06,134.844
2026-07-07,134.845
2026-07-08,134.92
2026-07-09,134.922
2026-07-10,134.923
2026-07-13,134.894
2026-07-14,134.928
2026-07-15,134.954
2026-07-16,134.92
2026-07-17,134.989
2026-07-20,134.95
2026-07-21,134.982
2026-07-22,135.138
2026-07-23,135.093
2026-07-24,135.172
2026-07-27,135.154
2026-07-28,135.141
2026-07-29,135.174
2026-07-30,135.303
2026-07-31,135.406
