date,close
2020-01-02,4.149
2020-01-03,4.139
2020-01-06,4.123
2020-01-07,4.155
2020-01-08,4.114
2020-01-09,4.158
2020-01-10,4.157
2020-01-13,4.202
2020-01-14,4.184
2020-01-15,4.152
2020-01-16,4.146
2020-01-17,4.151
2020-01-20,4.181
2020-01-21,4.105
2020-01-22,4.119
2020-01-23,3.996
2020-02-03,3.659
2020-02-04,3.770
2020-02-05,3.807
2020-02-06,3.897
2020-02-07,3.888
2020-02-10,3.901
2020-02-11,3.943
2020-02-12,3.971
2020-02-13,3.950
2020-02-14,3.977
2020-02-17,4.064
2020-02-18,4.039
2020-02-19,4.040
2020-02-20,4.131
2020-02-21,4.145
2020-02-24,4.112
2020-02-25,4.104
2020-02-26,4.070
2020-02-27,4.071
2020-02-28,3.933
2020-03-02,4.076
2020-03-03,4.073
2020-03-04,4.102
2020-03-05,4.200
2020-03-06,4.121
2020-03-09,3.990
2020-03-10,4.078
2020-03-11,4.011
2020-03-12,3.948
2020-03-13,3.889
2020-03-16,3.726
2020-03-17,3.693
2020-03-18,3.631
2020-03-19,3.596
2020-03-20,3.644
2020-03-23,3.526
2020-03-24,3.611
2020-03-25,3.706
2020-03-26,3.683
2020-03-27,3.700
2020-03-30,3.666
2020-03-31,3.669
2020-04-01,3.673
2020-04-02,3.723
2020-04-03,3.697
2020-04-07,3.780
2020-04-08,3.765
2020-04-09,3.776
2020-04-10,3.764
2020-04-13,3.743
2020-04-14,3.805
2020-04-15,3.783
2020-04-16,3.785
2020-04-17,3.819
2020-04-20,3.835
2020-04-21,3.795
2020-04-22,3.829
2020-04-23,3.822
2020-04-24,3.790
2020-04-27,3.807
2020-04-28,3.831
2020-04-29,3.851
2020-04-30,3.908
2020-05-06,3.918
2020-05-07,3.911
2020-05-08,3.953
2020-05-11,3.946
2020-05-12,3.945
2020-05-13,3.954
2020-05-14,3.921
2020-05-15,3.902
2020-05-18,3.914
2020-05-19,3.943
2020-05-20,3.927
2020-05-21,3.901
2020-05-22,3.815
2020-05-25,3.817
2020-05-26,3.863
2020-05-27,3.845
2020-05-28,3.850
2020-05-29,3.866
2020-06-01,3.968
2020-06-02,3.979
2020-06-03,3.978
2020-06-04,3.980
2020-06-05,4.003
2020-06-08,4.022
2020-06-09,4.049
2020-06-10,4.040
2020-06-11,4.003
2020-06-12,4.013
2020-06-15,3.956
2020-06-16,4.018
2020-06-17,4.022
2020-06-18,4.053
2020-06-19,4.105
2020-06-22,4.109
2020-06-23,4.128
2020-06-24,4.164
2020-06-29,4.128
2020-06-30,4.178
2020-07-01,4.272
2020-07-02,4.370
2020-07-03,4.457
2020-07-06,4.784
2020-07-07,4.736
2020-07-08,4.798
2020-07-09,4.872
2020-07-10,4.785
2020-07-13,4.885
2020-07-14,4.842
2020-07-15,4.784
2020-07-16,4.556
2020-07-17,4.605
2020-07-20,4.727
2020-07-21,4.739
2020-07-22,4.792
2020-07-23,4.766
2020-07-24,4.554
2020-07-27,4.582
2020-07-28,4.617
2020-07-29,4.749
2020-07-30,4.714
2020-07-31,4.750
2020-08-03,4.825
2020-08-04,4.829
2020-08-05,4.831
2020-08-06,4.813
2020-08-07,4.765
2020-08-10,4.781
2020-08-11,4.734
2020-08-12,4.702
2020-08-13,4.687
2020-08-14,4.778
2020-08-17,4.877
2020-08-18,4.870
2020-08-19,4.794
2020-08-20,4.743
2020-08-21,4.783
2020-08-24,4.813
2020-08-25,4.822
2020-08-26,4.763
2020-08-27,4.799
2020-08-28,4.917
2020-08-31,4.874
2020-09-01,4.908
2020-09-02,4.904
2020-09-03,4.884
2020-09-04,4.829
2020-09-07,4.732
2020-09-08,4.756
2020-09-09,4.645
2020-09-10,4.649
2020-09-11,4.685
2020-09-14,4.712
2020-09-15,4.747
2020-09-16,4.719
2020-09-17,4.690
2020-09-18,4.811
2020-09-21,4.756
2020-09-22,4.699
2020-09-23,4.713
2020-09-24,4.636
2020-09-25,4.639
2020-09-28,4.649
2020-09-29,4.660
2020-09-30,4.646
2020-10-09,4.739
2020-10-12,4.887
2020-10-13,4.903
2020-10-14,4.879
2020-10-15,4.867
2020-10-16,4.853
2020-10-19,4.822
2020-10-20,4.852
2020-10-21,4.858
2020-10-22,4.842
2020-10-23,4.786
2020-10-26,4.750
2020-10-27,4.764
2020-10-28,4.804
2020-10-29,4.848
2020-10-30,4.757
2020-11-02,4.785
2020-11-03,4.836
2020-11-04,4.873
2020-11-05,4.949
2020-11-06,4.951
2020-11-09,5.048
2020-11-10,5.021
2020-11-11,4.974
2020-11-12,4.971
2020-11-13,4.920
2020-11-16,4.973
2020-11-17,4.964
2020-11-18,4.957
2020-11-19,4.999
2020-11-20,5.014
2020-11-23,5.072
2020-11-24,5.040
2020-11-25,4.978
2020-11-26,4.985
2020-11-27,5.056
2020-11-30,5.031
2020-12-01,5.142
2020-12-02,5.131
2020-12-03,5.129
2020-12-04,5.140
2020-12-07,5.096
2020-12-08,5.080
2020-12-09,5.020
2020-12-10,5.010
2020-12-11,4.954
2020-12-14,4.998
2020-12-15,5.013
2020-12-16,5.023
2020-12-17,5.094
2020-12-18,5.065
2020-12-21,5.110
2020-12-22,5.033
2020-12-23,5.074
2020-12-24,5.074
2020-12-25,5.116
2020-12-28,5.130
2020-12-29,5.114
2020-12-30,5.178
2020-12-31,5.287
2021-01-04,5.334
2021-01-05,5.433
2021-01-06,5.482
2021-01-07,5.599
2021-01-08,5.571
2021-01-11,5.508
2021-01-12,5.668
2021-01-13,5.646
2021-01-14,5.543
2021-01-15,5.526
2021-01-18,5.513
2021-01-19,5.438
2021-01-20,5.468
2021-01-21,5.562
2021-01-22,5.565
2021-01-25,5.631
2021-01-26,5.511
2021-01-27,5.521
2021-01-28,5.385
2021-01-29,5.348
2021-02-01,5.411
2021-02-02,5.491
2021-02-03,5.485
2021-02-04,5.474
2021-02-05,5.482
2021-02-08,5.554
2021-02-09,5.692
2021-02-10,5.807
2021-02-18,5.764
2021-02-19,5.796
2021-02-22,5.589
2021-02-23,5.574
2021-02-24,5.427
2021-02-25,5.478
2021-02-26,5.329
2021-03-01,5.418
2021-03-02,5.349
2021-03-03,5.454
2021-03-04,5.287
2021-03-05,5.266
2021-03-08,5.080
2021-03-09,4.979
2021-03-10,5.000
2021-03-11,5.129
2021-03-12,5.142
2021-03-15,5.040
2021-03-16,5.073
2021-03-17,5.096
2021-03-18,5.136
2021-03-19,4.997
2021-03-22,5.054
2021-03-23,5.009
2021-03-24,4.933
2021-03-25,4.929
2021-03-26,5.033
2021-03-29,5.043
2021-03-30,5.087
2021-03-31,5.050
2021-04-01,5.112
2021-04-02,5.161
2021-04-06,5.133
2021-04-07,5.098
2021-04-08,5.109
2021-04-09,5.038
2021-04-12,4.954
2021-04-13,4.947
2021-04-14,4.975
2021-04-15,4.947
2021-04-16,4.963
2021-04-19,5.089
2021-04-20,5.081
2021-04-21,5.093
2021-04-22,5.089
2021-04-23,5.140
2021-04-26,5.076
2021-04-27,5.089
2021-04-28,5.127
2021-04-29,5.173
2021-04-30,5.128
2021-05-06,5.061
2021-05-07,5.000
2021-05-10,4.999
2021-05-11,5.025
2021-05-12,5.056
2021-05-13,5.001
2021-05-14,5.127
2021-05-17,5.188
2021-05-18,5.190
2021-05-19,5.176
2021-05-20,5.190
2021-05-21,5.135
2021-05-24,5.163
2021-05-25,5.327
2021-05-26,5.328
2021-05-27,5.347
2021-05-28,5.332
2021-05-31,5.338
2021-06-01,5.346
2021-06-02,5.303
2021-06-03,5.262
2021-06-04,5.295
2021-06-07,5.289
2021-06-08,5.247
2021-06-09,5.255
2021-06-10,5.289
2021-06-11,5.240
2021-06-15,5.181
2021-06-16,5.110
2021-06-17,5.121
2021-06-18,5.126
2021-06-21,5.119
2021-06-22,5.145
2021-06-23,5.176
2021-06-24,5.189
2021-06-25,5.270
2021-06-28,5.279
2021-06-29,5.225
2021-06-30,5.256
2021-07-01,5.254
2021-07-02,5.113
2021-07-05,5.120
2021-07-06,5.127
2021-07-07,5.180
2021-07-08,5.136
2021-07-09,5.112
2021-07-12,5.180
2021-07-13,5.196
2021-07-14,5.139
2021-07-15,5.207
2021-07-16,5.156
2021-07-19,5.178
2021-07-20,5.165
2021-07-21,5.204
2021-07-22,5.209
2021-07-23,5.157
2021-07-26,4.982
2021-07-27,4.809
2021-07-28,4.819
2021-07-29,4.906
2021-07-30,4.872
2021-08-02,4.993
2021-08-03,4.995
2021-08-04,5.039
2021-08-05,5.009
2021-08-06,4.993
2021-08-09,5.048
2021-08-10,5.105
2021-08-11,5.078
2021-08-12,5.046
2021-08-13,5.019
2021-08-16,5.016
2021-08-17,4.904
2021-08-18,4.957
2021-08-19,4.923
2021-08-20,4.833
2021-08-23,4.905
2021-08-24,4.957
2021-08-25,4.971
2021-08-26,4.886
2021-08-27,4.899
2021-08-30,4.881
2021-08-31,4.879
2021-09-01,4.949
2021-09-02,4.945
2021-09-03,4.918
2021-09-06,5.002
2021-09-07,5.065
2021-09-08,5.044
2021-09-09,5.042
2021-09-10,5.091
2021-09-13,5.064
2021-09-14,4.998
2021-09-15,4.945
2021-09-16,4.889
2021-09-17,4.928
2021-09-22,4.895
2021-09-23,4.924
2021-09-24,4.931
2021-09-27,4.963
2021-09-28,4.954
2021-09-29,4.921
2021-09-30,4.935
2021-10-08,5.006
2021-10-11,5.005
2021-10-12,4.953
2021-10-13,5.009
2021-10-14,4.982
2021-10-15,5.006
2021-10-18,4.948
2021-10-19,4.995
2021-10-20,4.981
2021-10-21,5.003
2021-10-22,5.036
2021-10-25,5.053
2021-10-26,5.036
2021-10-27,4.970
2021-10-28,4.949
2021-10-29,4.981
2021-11-01,4.965
2021-11-02,4.913
2021-11-03,4.893
2021-11-04,4.940
2021-11-05,4.923
2021-11-08,4.919
2021-11-09,4.917
2021-11-10,4.892
2021-11-11,4.972
2021-11-12,4.970
2021-11-15,4.964
2021-11-16,4.960
2021-11-17,4.959
2021-11-18,4.915
2021-11-19,4.970
2021-11-22,4.983
2021-11-23,4.986
2021-11-24,4.997
2021-11-25,4.978
2021-11-26,4.936
2021-11-29,4.929
2021-11-30,4.911
2021-12-01,4.924
2021-12-02,4.934
2021-12-03,4.979
2021-12-06,4.974
2021-12-07,5.002
2021-12-08,5.074
2021-12-09,5.158
2021-12-10,5.143
2021-12-13,5.156
2021-12-14,5.125
2021-12-15,5.079
2021-12-16,5.106
2021-12-17,5.033
2021-12-20,4.958
2021-12-21,4.979
2021-12-22,4.982
2021-12-23,5.020
2021-12-24,4.997
2021-12-27,5.001
2021-12-28,5.027
2021-12-29,4.960
2021-12-30,4.996
2021-12-31,5.008
2022-01-04,4.990
2022-01-05,4.943
2022-01-06,4.887
2022-01-07,4.899
2022-01-10,4.912
2022-01-11,4.867
2022-01-12,4.919
2022-01-13,4.838
2022-01-14,4.794
2022-01-17,4.835
2022-01-18,4.881
2022-01-19,4.780
2022-01-20,4.818
2022-01-21,4.784
2022-01-24,4.786
2022-01-25,4.680
2022-01-26,4.706
2022-01-27,4.625
2022-01-28,4.554
2022-02-07,4.626
2022-02-08,4.604
2022-02-09,4.643
2022-02-10,4.632
2022-02-11,4.596
2022-02-14,4.547
2022-02-15,4.589
2022-02-16,4.610
2022-02-17,4.620
2022-02-18,4.644
2022-02-21,4.627
2022-02-22,4.567
2022-02-23,4.615
2022-02-24,4.530
2022-02-25,4.565
2022-02-28,4.571
2022-03-01,4.609
2022-03-02,4.574
2022-03-03,4.545
2022-03-04,4.494
2022-03-07,4.346
2022-03-08,4.264
2022-03-09,4.224
2022-03-10,4.284
2022-03-11,4.312
2022-03-14,4.172
2022-03-15,3.973
2022-03-16,4.146
2022-03-17,4.230
2022-03-18,4.258
2022-03-21,4.252
2022-03-22,4.248
2022-03-23,4.273
2022-03-24,4.246
2022-03-25,4.169
2022-03-28,4.144
2022-03-29,4.126
2022-03-30,4.249
2022-03-31,4.218
2022-04-01,4.269
2022-04-06,4.257
2022-04-07,4.205
2022-04-08,4.233
2022-04-11,4.101
2022-04-12,4.171
2022-04-13,4.139
2022-04-14,4.183
2022-04-15,4.181
2022-04-18,4.161
2022-04-19,4.134
2022-04-20,4.064
2022-04-21,3.996
2022-04-22,4.006
2022-04-25,3.813
2022-04-26,3.783
2022-04-27,3.889
2022-04-28,3.915
2022-04-29,4.015
2022-05-05,4.000
2022-05-06,3.903
2022-05-09,3.871
2022-05-10,3.916
2022-05-11,3.971
2022-05-12,3.951
2022-05-13,3.982
2022-05-16,3.951
2022-05-17,4.000
2022-05-18,3.986
2022-05-19,3.995
2022-05-20,4.079
2022-05-23,4.047
2022-05-24,3.965
2022-05-25,3.982
2022-05-26,3.992
2022-05-27,4.002
2022-05-30,4.025
2022-05-31,4.089
2022-06-01,4.083
2022-06-02,4.094
2022-06-06,4.176
2022-06-07,4.182
2022-06-08,4.224
2022-06-09,4.190
2022-06-10,4.248
2022-06-13,4.196
2022-06-14,4.236
2022-06-15,4.285
2022-06-16,4.258
2022-06-17,4.321
2022-06-20,4.342
2022-06-21,4.340
2022-06-22,4.290
2022-06-23,4.365
2022-06-24,4.413
2022-06-27,4.461
2022-06-28,4.513
2022-06-29,4.458
2022-06-30,4.508
2022-07-01,4.493
2022-07-04,4.521
2022-07-05,4.511
2022-07-06,4.452
2022-07-07,4.468
2022-07-08,4.464
2022-07-11,4.388
2022-07-12,4.352
2022-07-13,4.359
2022-07-14,4.360
2022-07-15,4.295
2022-07-18,4.341
2022-07-19,4.319
2022-07-20,4.331
2022-07-21,4.286
2022-07-22,4.289
2022-07-25,4.271
2022-07-26,4.300
2022-07-27,4.276
2022-07-28,4.279
2022-07-29,4.220
2022-08-01,4.238
2022-08-02,4.167
2022-08-03,4.122
2022-08-04,4.153
2022-08-05,4.218
2022-08-08,4.204
2022-08-09,4.211
2022-08-10,4.166
2022-08-11,4.254
2022-08-12,4.255
2022-08-15,4.245
2022-08-16,4.235
2022-08-17,4.276
2022-08-18,4.239
2022-08-19,4.209
2022-08-22,4.236
2022-08-23,4.222
2022-08-24,4.145
2022-08-25,4.181
2022-08-26,4.175
2022-08-29,4.150
2022-08-30,4.141
2022-08-31,4.141
2022-09-01,4.107
2022-09-02,4.084
2022-09-05,4.082
2022-09-06,4.111
2022-09-07,4.119
2022-09-08,4.101
2022-09-09,4.159
2022-09-13,4.173
2022-09-14,4.127
2022-09-15,4.090
2022-09-16,4.000
2022-09-19,3.989
2022-09-20,3.991
2022-09-21,3.961
2022-09-22,3.932
2022-09-23,3.924
2022-09-26,3.899
2022-09-27,3.949
2022-09-28,3.893
2022-09-29,3.894
2022-09-30,3.868
2022-10-10,3.789
2022-10-11,3.786
2022-10-12,3.848
2022-10-13,3.815
2022-10-14,3.903
2022-10-17,3.902
2022-10-18,3.895
2022-10-19,3.836
2022-10-20,3.824
2022-10-21,3.802
2022-10-24,3.704
2022-10-25,3.688
2022-10-26,3.716
2022-10-27,3.690
2022-10-28,3.604
2022-10-31,3.565
2022-11-01,3.703
2022-11-02,3.737
2022-11-03,3.707
2022-11-04,3.834
2022-11-07,3.834
2022-11-08,3.811
2022-11-09,3.771
2022-11-10,3.750
2022-11-11,3.848
2022-11-14,3.850
2022-11-15,3.925
2022-11-16,3.896
2022-11-17,3.879
2022-11-18,3.866
2022-11-21,3.833
2022-11-22,3.831
2022-11-23,3.834
2022-11-24,3.816
2022-11-25,3.837
2022-11-28,3.792
2022-11-29,3.908
2022-11-30,3.911
2022-12-01,3.956
2022-12-02,3.933
2022-12-05,4.004
2022-12-06,4.027
2022-12-07,4.015
2022-12-08,4.024
2022-12-09,4.058
2022-12-12,4.016
2022-12-13,4.005
2022-12-14,4.015
2022-12-15,4.013
2022-12-16,4.017
2022-12-19,3.959
2022-12-20,3.896
2022-12-21,3.893
2022-12-22,3.901
2022-12-23,3.891
2022-12-26,3.900
2022-12-27,3.947
2022-12-28,3.934
2022-12-29,3.922
2022-12-30,3.938
2023-01-03,3.949
2023-01-04,3.954
2023-01-05,4.029
2023-01-06,4.045
2023-01-09,4.070
2023-01-10,4.076
2023-01-11,4.076
2023-01-12,4.082
2023-01-13,4.144
2023-01-16,4.143
2023-01-17,4.139
2023-01-18,4.130
2023-01-19,4.158
2023-01-20,4.181
2023-01-30,4.205
2023-01-31,4.159
2023-02-01,4.190
2023-02-02,4.180
2023-02-03,4.137
2023-02-06,4.080
2023-02-07,4.090
2023-02-08,4.073
2023-02-09,4.127
2023-02-10,4.103
2023-02-13,4.135
2023-02-14,4.144
2023-02-15,4.116
2023-02-16,4.087
2023-02-17,4.029
2023-02-20,4.134
2023-02-21,4.139
2023-02-22,4.099
2023-02-23,4.099
2023-02-24,4.060
2023-02-27,4.045
2023-02-28,4.071
2023-03-01,4.120
2023-03-02,4.115
2023-03-03,4.124
2023-03-06,4.099
2023-03-07,4.042
2023-03-08,4.026
2023-03-09,4.016
2023-03-10,3.961
2023-03-13,4.005
2023-03-14,3.980
2023-03-15,3.979
2023-03-16,3.933
2023-03-17,3.954
2023-03-20,3.932
2023-03-21,3.975
2023-03-22,3.993
2023-03-23,4.031
2023-03-24,4.026
2023-03-27,4.005
2023-03-28,3.997
2023-03-29,3.997
2023-03-30,4.040
2023-03-31,4.050
2023-04-03,4.080
2023-04-04,4.100
2023-04-06,4.088
2023-04-07,4.117
2023-04-10,4.102
2023-04-11,4.092
2023-04-12,4.088
2023-04-13,4.063
2023-04-14,4.084
2023-04-17,4.145
2023-04-18,4.152
2023-04-19,4.119
2023-04-20,4.103
2023-04-21,4.030
2023-04-24,3.979
2023-04-25,3.960
2023-04-26,3.951
2023-04-27,3.986
2023-04-28,4.025
2023-05-04,4.025
2023-05-05,4.009
2023-05-08,4.054
2023-05-09,4.019
2023-05-10,3.988
2023-05-11,3.983
2023-05-12,3.932
2023-05-15,3.995
2023-05-16,3.978
2023-05-17,3.951
2023-05-18,3.950
2023-05-19,3.944
2023-05-22,3.964
2023-05-23,3.907
2023-05-24,3.854
2023-05-25,3.845
2023-05-26,3.850
2023-05-29,3.834
2023-05-30,3.838
2023-05-31,3.802
2023-06-01,3.810
2023-06-02,3.863
2023-06-05,3.845
2023-06-06,3.808
2023-06-07,3.796
2023-06-08,3.828
2023-06-09,3.844
2023-06-12,3.848
2023-06-13,3.877
2023-06-14,3.877
2023-06-15,3.942
2023-06-16,3.979
2023-06-19,3.949
2023-06-20,3.942
2023-06-21,3.887
2023-06-26,3.843
2023-06-27,3.869
2023-06-28,3.877
2023-06-29,3.859
2023-06-30,3.882
2023-07-03,3.927
2023-07-04,3.934
2023-07-05,3.907
2023-07-06,3.879
2023-07-07,3.868
2023-07-10,3.884
2023-07-11,3.910
2023-07-12,3.891
2023-07-13,3.954
2023-07-14,3.952
2023-07-17,3.924
2023-07-18,3.918
2023-07-19,3.916
2023-07-20,3.888
2023-07-21,3.890
2023-07-24,3.873
2023-07-25,3.985
2023-07-26,3.976
2023-07-27,3.972
2023-07-28,4.068
2023-07-31,4.084
2023-08-01,4.066
2023-08-02,4.037
2023-08-03,4.073
2023-08-04,4.094
2023-08-07,4.063
2023-08-08,4.048
2023-08-09,4.040
2023-08-10,4.045
2023-08-11,3.950
2023-08-14,3.923
2023-08-15,3.919
2023-08-16,3.889
2023-08-17,3.902
2023-08-18,3.852
2023-08-21,3.800
2023-08-22,3.823
2023-08-23,3.768
2023-08-24,3.791
2023-08-25,3.784
2023-08-28,3.837
2023-08-29,3.859
2023-08-30,3.858
2023-08-31,3.839
2023-09-01,3.862
2023-09-04,3.920
2023-09-05,3.893
2023-09-06,3.883
2023-09-07,3.830
2023-09-08,3.809
2023-09-11,3.837
2023-09-12,3.832
2023-09-13,3.807
2023-09-14,3.804
2023-09-15,3.787
2023-09-18,3.800
2023-09-19,3.795
2023-09-20,3.777
2023-09-21,3.742
2023-09-22,3.817
2023-09-25,3.789
2023-09-26,3.768
2023-09-27,3.778
2023-09-28,3.764
2023-10-09,3.754
2023-10-10,3.727
2023-10-11,3.735
2023-10-12,3.771
2023-10-13,3.736
2023-10-16,3.693
2023-10-17,3.705
2023-10-18,3.677
2023-10-19,3.600
2023-10-20,3.582
2023-10-23,3.544
2023-10-24,3.549
2023-10-25,3.569
2023-10-26,3.582
2023-10-27,3.636
2023-10-30,3.652
2023-10-31,3.644
2023-11-01,3.642
2023-11-02,3.625
2023-11-03,3.653
2023-11-06,3.701
2023-11-07,3.690
2023-11-08,3.679
2023-11-09,3.682
2023-11-10,3.655
2023-11-13,3.650
2023-11-14,3.650
2023-11-15,3.675
2023-11-16,3.639
2023-11-17,3.634
2023-11-20,3.645
2023-11-21,3.650
2023-11-22,3.611
2023-11-23,3.630
2023-11-24,3.605
2023-11-27,3.581
2023-11-28,3.585
2023-11-29,3.558
2023-11-30,3.562
2023-12-01,3.548
2023-12-04,3.524
2023-12-05,3.458
2023-12-06,3.463
2023-12-07,3.454
2023-12-08,3.461
2023-12-11,3.485
2023-12-12,3.493
2023-12-13,3.435
2023-12-14,3.419
2023-12-15,3.412
2023-12-18,3.398
2023-12-19,3.400
2023-12-20,3.369
2023-12-21,3.400
2023-12-22,3.406
2023-12-25,3.415
2023-12-26,3.395
2023-12-27,3.405
2023-12-28,3.489
2023-12-29,3.499
2024-01-02,3.453
2024-01-03,3.443
2024-01-04,3.413
2024-01-05,3.396
2024-01-08,3.349
2024-01-09,3.357
2024-01-10,3.341
2024-01-11,3.360
2024-01-12,3.349
2024-01-15,3.345
2024-01-16,3.367
2024-01-17,3.292
2024-01-18,3.268
2024-01-19,3.275
2024-01-22,3.206
2024-01-23,3.228
2024-01-24,3.279
2024-01-25,3.335
2024-01-26,3.329
2024-01-29,3.299
2024-01-30,3.243
2024-01-31,3.222
2024-02-01,3.218
2024-02-02,3.188
2024-02-05,3.208
2024-02-06,3.311
2024-02-07,3.340
2024-02-08,3.362
2024-02-19,3.389
2024-02-20,3.401
2024-02-21,3.449
2024-02-22,3.475
2024-02-23,3.478
2024-02-26,3.443
2024-02-27,3.484
2024-02-28,3.448
2024-02-29,3.503
2024-03-01,3.530
2024-03-04,3.527
2024-03-05,3.556
2024-03-06,3.542
2024-03-07,3.523
2024-03-08,3.533
2024-03-11,3.581
2024-03-12,3.586
2024-03-13,3.565
2024-03-14,3.552
2024-03-15,3.561
2024-03-18,3.592
2024-03-19,3.569
2024-03-20,3.572
2024-03-21,3.570
2024-03-22,3.539
2024-03-25,3.520
2024-03-26,3.531
2024-03-27,3.493
2024-03-28,3.510
2024-03-29,3.526
2024-04-01,3.584
2024-04-02,3.572
2024-04-03,3.558
2024-04-08,3.529
2024-04-09,3.523
2024-04-10,3.497
2024-04-11,3.494
2024-04-12,3.466
2024-04-15,3.539
2024-04-16,3.507
2024-04-17,3.553
2024-04-18,3.559
2024-04-19,3.531
2024-04-22,3.524
2024-04-23,3.499
2024-04-24,3.513
2024-04-25,3.523
2024-04-26,3.573
2024-04-29,3.616
2024-04-30,3.598
2024-05-06,3.648
2024-05-07,3.650
2024-05-08,3.621
2024-05-09,3.656
2024-05-10,3.658
2024-05-13,3.655
2024-05-14,3.649
2024-05-15,3.623
2024-05-16,3.635
2024-05-17,3.676
2024-05-20,3.684
2024-05-21,3.672
2024-05-22,3.680
2024-05-23,3.643
2024-05-24,3.602
2024-05-27,3.632
2024-05-28,3.609
2024-05-29,3.610
2024-05-30,3.596
2024-05-31,3.582
2024-06-03,3.587
2024-06-04,3.612
2024-06-05,3.599
2024-06-06,3.599
2024-06-07,3.576
2024-06-11,3.551
2024-06-12,3.547
2024-06-13,3.534
2024-06-14,3.554
2024-06-17,3.544
2024-06-18,3.555
2024-06-19,3.545
2024-06-20,3.522
2024-06-21,3.516
2024-06-24,3.499
2024-06-25,3.478
2024-06-26,3.499
2024-06-27,3.480
2024-06-28,3.487
2024-07-01,3.501
2024-07-02,3.496
2024-07-03,3.490
2024-07-04,3.475
2024-07-05,3.458
2024-07-08,3.434
2024-07-09,3.471
2024-07-10,3.463
2024-07-11,3.509
2024-07-12,3.519
2024-07-15,3.526
2024-07-16,3.551
2024-07-17,3.556
2024-07-18,3.577
2024-07-19,3.600
2024-07-22,3.571
2024-07-23,3.501
2024-07-24,3.479
2024-07-25,3.459
2024-07-26,3.474
2024-07-29,3.454
2024-07-30,3.431
2024-07-31,3.508
2024-08-01,3.483
2024-08-02,3.447
2024-08-05,3.408
2024-08-06,3.408
2024-08-07,3.401
2024-08-08,3.405
2024-08-09,3.393
2024-08-12,3.389
2024-08-13,3.394
2024-08-14,3.370
2024-08-15,3.408
2024-08-16,3.410
2024-08-19,3.419
2024-08-20,3.403
2024-08-21,3.388
2024-08-22,3.379
2024-08-23,3.393
2024-08-26,3.394
2024-08-27,3.377
2024-08-28,3.357
2024-08-29,3.347
2024-08-30,3.392
2024-09-02,3.332
2024-09-03,3.344
2024-09-04,3.323
2024-09-05,3.330
2024-09-06,3.302
2024-09-09,3.261
2024-09-10,3.261
2024-09-11,3.254
2024-09-12,3.243
2024-09-13,3.228
2024-09-18,3.238
2024-09-19,3.265
2024-09-20,3.274
2024-09-23,3.283
2024-09-24,3.427
2024-09-25,3.474
2024-09-26,3.640
2024-09-27,3.869
2024-09-30,4.233
2024-10-08,4.412
2024-10-09,4.022
2024-10-10,4.086
2024-10-11,3.977
2024-10-14,4.040
2024-10-15,3.931
2024-10-16,3.906
2024-10-17,3.863
2024-10-18,4.016
2024-10-21,4.016
2024-10-22,4.040
2024-10-23,4.055
2024-10-24,4.011
2024-10-25,4.040
2024-10-28,4.046
2024-10-29,4.013
2024-10-30,3.971
2024-10-31,3.971
2024-11-01,3.979
2024-11-04,4.032
2024-11-05,4.137
2024-11-06,4.111
2024-11-07,4.248
2024-11-08,4.194
2024-11-11,4.215
2024-11-12,4.169
2024-11-13,4.195
2024-11-14,4.124
2024-11-15,4.055
2024-11-18,4.038
2024-11-19,4.058
2024-11-20,4.068
2024-11-21,4.073
2024-11-22,3.953
2024-11-25,3.931
2024-11-26,3.923
2024-11-27,3.987
2024-11-28,3.958
2024-11-29,4.001
2024-12-02,4.031
2024-12-03,4.035
2024-12-04,4.014
2024-12-05,4.007
2024-12-06,4.057
2024-12-09,4.054
2024-12-10,4.085
2024-12-11,4.075
2024-12-12,4.117
2024-12-13,4.020
2024-12-16,3.996
2024-12-17,4.007
2024-12-18,4.024
2024-12-19,4.030
2024-12-20,4.018
2024-12-23,4.022
2024-12-24,4.069
2024-12-25,4.072
2024-12-26,4.073
2024-12-27,4.067
2024-12-30,4.086
2024-12-31,4.022
2025-01-02,3.909
2025-01-03,3.869
2025-01-06,3.853
2025-01-07,3.880
2025-01-08,3.874
2025-01-09,3.866
2025-01-10,3.823
2025-01-13,3.808
2025-01-14,3.906
2025-01-15,3.883
2025-01-16,3.885
2025-01-17,3.898
2025-01-20,3.917
2025-01-21,3.922
2025-01-22,3.886
2025-01-23,3.897
2025-01-24,3.929
2025-01-27,3.907
2025-02-05,3.887
2025-02-06,3.932
2025-02-07,3.988
2025-02-10,3.992
2025-02-11,3.976
2025-02-12,4.014
2025-02-13,4.004
2025-02-14,4.034
2025-02-17,4.041
2025-02-18,4.012
2025-02-19,4.033
2025-02-20,4.021
2025-02-21,4.075
2025-02-24,4.062
2025-02-25,4.021
2025-02-26,4.054
2025-02-27,4.067
2025-02-28,3.994
2025-03-03,3.981
2025-03-04,3.977
2025-03-05,3.994
2025-03-06,4.049
2025-03-07,4.039
2025-03-10,4.023
2025-03-11,4.035
2025-03-12,4.025
2025-03-13,4.005
2025-03-14,4.106
2025-03-17,4.094
2025-03-18,4.103
2025-03-19,4.109
2025-03-20,4.076
2025-03-21,4.010
2025-03-24,4.027
2025-03-25,4.029
2025-03-26,4.013
2025-03-27,4.027
2025-03-28,4.008
2025-03-31,3.984
2025-04-01,3.982
2025-04-02,3.979
2025-04-03,3.959
2025-04-07,3.695
2025-04-08,3.730
2025-04-09,3.766
2025-04-10,3.829
2025-04-11,3.840
2025-04-14,3.848
2025-04-15,3.851
2025-04-16,3.860
2025-04-17,3.863
2025-04-18,3.873
2025-04-21,3.875
2025-04-22,3.878
2025-04-23,3.882
2025-04-24,3.882
2025-04-25,3.882
2025-04-28,3.876
2025-04-29,3.869
2025-04-30,3.866
2025-05-06,3.903
2025-05-07,3.927
2025-05-08,3.950
2025-05-09,3.945
2025-05-12,3.990
2025-05-13,3.994
2025-05-14,4.045
2025-05-15,4.011
2025-05-16,3.989
2025-05-19,3.983
2025-05-20,4.003
2025-05-21,4.019
2025-05-22,4.017
2025-05-23,3.988
2025-05-26,3.967
2025-05-27,3.946
2025-05-28,3.942
2025-05-29,3.966
2025-05-30,3.959
2025-06-03,3.957
2025-06-04,3.974
2025-06-05,3.984
2025-06-06,3.986
2025-06-09,3.995
2025-06-10,3.972
2025-06-11,4.004
2025-06-12,4.006
2025-06-13,3.980
2025-06-16,3.990
2025-06-17,3.989
2025-06-18,3.904
2025-06-19,3.873
2025-06-20,3.878
2025-06-23,3.891
2025-06-24,3.936
2025-06-25,4.001
2025-06-26,3.986
2025-06-27,3.963
2025-06-30,3.982
2025-07-01,3.988
2025-07-02,3.992
2025-07-03,4.015
2025-07-04,4.032
2025-07-07,4.014
2025-07-08,4.048
2025-07-09,4.045
2025-07-10,4.065
2025-07-11,4.079
2025-07-14,4.078
2025-07-15,4.078
2025-07-16,4.069
2025-07-17,4.102
2025-07-18,4.132
2025-07-21,4.157
2025-07-22,4.201
2025-07-23,4.199
2025-07-24,4.225
2025-07-25,4.203
2025-07-28,4.214
2025-07-29,4.235
2025-07-30,4.232
2025-07-31,4.155
2025-08-01,4.133
2025-08-04,4.152
2025-08-05,4.183
2025-08-06,4.194
2025-08-07,4.193
2025-08-08,4.183
2025-08-11,4.202
2025-08-12,4.228
2025-08-13,4.263
2025-08-14,4.256
2025-08-15,4.295
2025-08-18,4.327
2025-08-19,4.305
2025-08-20,4.364
2025-08-21,4.378
2025-08-22,4.479
2025-08-25,4.565
2025-08-26,4.541
2025-08-27,4.475
2025-08-28,4.559
2025-08-29,4.601
2025-09-01,4.616
2025-09-02,4.590
2025-09-03,4.549
2025-09-04,4.456
2025-09-05,4.554
2025-09-08,4.555
2025-09-09,4.528
2025-09-10,4.538
2025-09-11,4.660
2025-09-12,4.621
2025-09-15,4.629
2025-09-16,4.620
2025-09-17,4.653
2025-09-18,4.594
2025-09-19,4.604
2025-09-22,4.619
2025-09-23,4.622
2025-09-24,4.663
2025-09-25,4.695
2025-09-26,4.651
2025-09-29,4.728
2025-09-30,4.741
2025-10-09,4.816
2025-10-10,4.719
2025-10-13,4.692
2025-10-14,4.645
2025-10-15,4.706
2025-10-16,4.721
2025-10-17,4.624
2025-10-20,4.640
2025-10-21,4.710
2025-10-22,4.695
2025-10-23,4.713
2025-10-24,4.770
2025-10-27,4.826
2025-10-28,4.802
2025-10-29,4.862
2025-10-30,4.823
2025-10-31,4.756
2025-11-03,4.763
2025-11-04,4.729
2025-11-05,4.735
2025-11-06,4.805
2025-11-07,4.795
2025-11-10,4.807
2025-11-11,4.763
2025-11-12,4.765
2025-11-13,4.812
2025-11-14,4.741
2025-11-17,4.710
2025-11-18,4.683
2025-11-19,4.697
2025-11-20,4.676
2025-11-21,4.564
2025-11-24,4.557
2025-11-25,4.597
2025-11-26,4.626
2025-11-27,4.622
2025-11-28,4.635
2025-12-01,4.687
2025-12-02,4.666
2025-12-03,4.645
2025-12-04,4.657
2025-12-05,4.698
2025-12-08,4.732
2025-12-09,4.708
2025-12-10,4.702
2025-12-11,4.668
2025-12-12,4.694
2025-12-15,4.667
2025-12-16,4.620
2025-12-17,4.699
2025-12-18,4.668
2025-12-19,4.688
2025-12-22,4.730
2025-12-23,4.740
2025-12-24,4.757
2025-12-25,4.766
2025-12-26,4.784
2025-12-29,4.763
2025-12-30,4.773
2025-12-31,4.753
2026-01-05,4.844
2026-01-06,4.919
2026-01-07,4.901
2026-01-08,4.863
2026-01-09,4.885
2026-01-12,4.913
2026-01-13,4.896
2026-01-14,4.866
2026-01-15,4.875
2026-01-16,4.859
2026-01-19,4.738
2026-01-20,4.724
2026-01-21,4.730
2026-01-22,4.727
2026-01-23,4.704
2026-01-26,4.712
2026-01-27,4.710
2026-01-28,4.725
2026-01-29,4.768
2026-01-30,4.711
2026-02-02,4.600
2026-02-03,4.664
2026-02-04,4.707
2026-02-05,4.679
2026-02-06,4.649
2026-02-09,4.727
2026-02-10,4.733
2026-02-11,4.723
2026-02-12,4.727
2026-02-13,4.671
2026-02-24,4.716
2026-02-25,4.750
2026-02-26,4.735
2026-02-27,4.725
2026-03-02,4.739
2026-03-03,4.678
2026-03-04,4.610
2026-03-05,4.654
2026-03-06,4.667
2026-03-09,4.629
2026-03-10,4.683
2026-03-11,4.711
2026-03-12,4.694
2026-03-13,4.677
2026-03-16,4.680
2026-03-17,4.646
2026-03-18,4.662
2026-03-19,4.599
2026-03-20,4.576
2026-03-23,4.430
2026-03-24,4.479
2026-03-25,4.544
2026-03-26,4.488
2026-03-27,4.508
2026-03-30,4.500
2026-03-31,4.463
2026-04-01,4.534
2026-04-02,4.489
2026-04-03,4.454
2026-04-07,4.446
2026-04-08,4.602
2026-04-09,4.572
2026-04-10,4.642
2026-04-13,4.652
2026-04-14,4.712
2026-04-15,4.694
2026-04-16,4.746
2026-04-17,4.739
2026-04-20,4.765
2026-04-21,4.776
2026-04-22,4.811
2026-04-23,4.801
2026-04-24,4.782
2026-04-27,4.782
2026-04-28,4.770
2026-04-29,4.821
2026-04-30,4.824
2026-05-06,4.888
2026-05-07,4.912
2026-05-08,4.886
2026-05-11,4.966
2026-05-12,4.963
2026-05-13,5.017
2026-05-14,4.941
2026-05-15,4.878
2026-05-18,4.852
2026-05-19,4.869
2026-05-20,4.871
2026-05-21,4.808
2026-05-22,4.862
2026-05-25,4.937
2026-05-26,4.972
2026-05-27,4.932
2026-05-28,4.932
2026-05-29,4.923
2026-06-01,4.868
2026-06-02,4.936
2026-06-03,4.965
2026-06-04,4.926
2026-06-05,4.843
2026-06-08,4.739
2026-06-09,4.826
2026-06-10,4.784
2026-06-11,4.751
2026-06-12,4.818
2026-06-15,4.919
2026-06-16,4.910
2026-06-17,4.958
2026-06-18,4.984
2026-06-22,5.091
2026-06-23,4.942
2026-06-24,4.967
2026-06-25,5.048
2026-06-26,4.907
2026-06-29,4.959
2026-06-30,5.019
2026-07-01,4.998
2026-07-02,4.850
2026-07-03,4.876
2026-07-06,4.877
2026-07-07,4.826
2026-07-08,4.798
2026-07-09,4.916
2026-07-10,4.829
2026-07-13,4.744
2026-07-14,4.837
2026-07-15,4.838
2026-07-16,4.753
2026-07-17,4.589
2026-07-20,4.650
2026-07-21,4.787
2026-07-22,4.765
2026-07-23,4.787
2026-07-24,4.701
2026-07-27,4.753
2026-07-28,4.627
2026-07-29,4.657
2026-07-30,4.605
2026-07-31,4.653
